-- phpMyAdmin SQL Dump
-- version 5.1.1deb5ubuntu1
-- https://www.phpmyadmin.net/
--
-- Host: localhost:3306
-- Generation Time: May 22, 2024 at 02:54 AM
-- Server version: 8.0.36-0ubuntu0.22.04.1
-- PHP Version: 8.1.2-1ubuntu2.17

SET SQL_MODE = "NO_AUTO_VALUE_ON_ZERO";
START TRANSACTION;
SET time_zone = "+00:00";


/*!40101 SET @OLD_CHARACTER_SET_CLIENT=@@CHARACTER_SET_CLIENT */;
/*!40101 SET @OLD_CHARACTER_SET_RESULTS=@@CHARACTER_SET_RESULTS */;
/*!40101 SET @OLD_COLLATION_CONNECTION=@@COLLATION_CONNECTION */;
/*!40101 SET NAMES utf8mb4 */;

--
-- Database: `stylish`
--

-- --------------------------------------------------------

--
-- Table structure for table `campaign`
--

CREATE TABLE `campaign` (
  `id` bigint NOT NULL COMMENT 'Campaign ID.',
  `title` varchar(255) NOT NULL COMMENT 'Campaign Title',
  `product_id` bigint NOT NULL COMMENT 'Product ID.',
  `image` varchar(255) DEFAULT NULL COMMENT 'Picture URL',
  `story` text COMMENT 'Multiline story.',
  `start` timestamp NOT NULL DEFAULT CURRENT_TIMESTAMP COMMENT 'Start Date',
  `expire` timestamp NOT NULL DEFAULT CURRENT_TIMESTAMP COMMENT 'Expire Date',
  `timestamp` timestamp NOT NULL DEFAULT CURRENT_TIMESTAMP
) ENGINE=InnoDB DEFAULT CHARSET=utf8mb4 COLLATE=utf8mb4_0900_ai_ci;

--
-- Dumping data for table `campaign`
--

INSERT INTO `campaign` VALUES(4, 'Be Your Bestman!', 20240522024929, 'campaign-0-59d258184052e0b863d59524a55cd078', 'It\'s a love story, please just say yes.', '2024-05-21 18:54:10', '2024-05-31 16:00:00', '2024-05-21 18:54:10');
INSERT INTO `campaign` VALUES(5, 'Lady Season', 20240522025002, 'campaign-0-f8e859a1e1351a211cf88c00a12bea84', 'Skirt is just the way you are.', '2024-05-21 18:54:10', '2024-05-31 16:00:00', '2024-05-21 18:54:10');
INSERT INTO `campaign` VALUES(6, 'Accessories Warm You Up', 20240522025059, 'campaign-0-42d41209e9c5ef87a7941a21ed86d321', 'touching your heart.', '2024-05-21 18:54:10', '2024-05-31 16:00:00', '2024-05-21 18:54:10');

-- --------------------------------------------------------

--
-- Table structure for table `color`
--

CREATE TABLE `color` (
  `product_id` bigint NOT NULL COMMENT 'Product Id.',
  `code` varchar(7) DEFAULT NULL COMMENT 'Color hex code.',
  `name` varchar(255) DEFAULT NULL COMMENT 'Color name.'
) ENGINE=InnoDB DEFAULT CHARSET=utf8mb4 COLLATE=utf8mb4_0900_ai_ci;

--
-- Dumping data for table `color`
--

INSERT INTO `color` VALUES(20240522024920, 'FA8072', 'Salmon');
INSERT INTO `color` VALUES(20240522024920, '8B0000', 'DarkRed');
INSERT INTO `color` VALUES(20240522024921, 'FFF8DC', 'Cornsilk');
INSERT INTO `color` VALUES(20240522024922, '9370DB', 'MediumPurple');
INSERT INTO `color` VALUES(20240522024922, '1E90FF', 'DodgerBlue');
INSERT INTO `color` VALUES(20240522024923, '9370DB', 'MediumPurple');
INSERT INTO `color` VALUES(20240522024924, '008000', 'Green');
INSERT INTO `color` VALUES(20240522024925, 'E6E6FA', 'Lavender');
INSERT INTO `color` VALUES(20240522024925, 'C0C0C0', 'Silver');
INSERT INTO `color` VALUES(20240522024926, 'FA8072', 'Salmon');
INSERT INTO `color` VALUES(20240522024927, '008000', 'Green');
INSERT INTO `color` VALUES(20240522024928, 'FFD700', 'Gold');
INSERT INTO `color` VALUES(20240522024929, '008000', 'Green');
INSERT INTO `color` VALUES(20240522024930, '8B0000', 'DarkRed');
INSERT INTO `color` VALUES(20240522024930, 'FFF8DC', 'Cornsilk');
INSERT INTO `color` VALUES(20240522024931, 'FFF8DC', 'Cornsilk');
INSERT INTO `color` VALUES(20240522024931, '000000', 'Black');
INSERT INTO `color` VALUES(20240522024931, 'B22222', 'FireBrick');
INSERT INTO `color` VALUES(20240522024932, '87CEEB', 'SkyBlue');
INSERT INTO `color` VALUES(20240522024932, '90EE90', 'LightGreen');
INSERT INTO `color` VALUES(20240522024932, 'C0C0C0', 'Silver');
INSERT INTO `color` VALUES(20240522024933, 'BC8F8F', 'RosyBrown');
INSERT INTO `color` VALUES(20240522024933, '87CEEB', 'SkyBlue');
INSERT INTO `color` VALUES(20240522024934, '9370DB', 'MediumPurple');
INSERT INTO `color` VALUES(20240522024935, 'BC8F8F', 'RosyBrown');
INSERT INTO `color` VALUES(20240522024936, '90EE90', 'LightGreen');
INSERT INTO `color` VALUES(20240522024936, '9370DB', 'MediumPurple');
INSERT INTO `color` VALUES(20240522024936, 'FFC0CB', 'Pink');
INSERT INTO `color` VALUES(20240522024937, '90EE90', 'LightGreen');
INSERT INTO `color` VALUES(20240522024937, 'FFC0CB', 'Pink');
INSERT INTO `color` VALUES(20240522024937, 'FFF8DC', 'Cornsilk');
INSERT INTO `color` VALUES(20240522024938, 'C0C0C0', 'Silver');
INSERT INTO `color` VALUES(20240522024938, '008000', 'Green');
INSERT INTO `color` VALUES(20240522024939, 'B22222', 'FireBrick');
INSERT INTO `color` VALUES(20240522024939, 'FF0000', 'Red');
INSERT INTO `color` VALUES(20240522024939, '00FFFF', 'Aqua');
INSERT INTO `color` VALUES(20240522024940, 'FA8072', 'Salmon');
INSERT INTO `color` VALUES(20240522024940, 'FFD700', 'Gold');
INSERT INTO `color` VALUES(20240522024940, 'FF0000', 'Red');
INSERT INTO `color` VALUES(20240522024941, 'FFFFFF', 'White');
INSERT INTO `color` VALUES(20240522024941, '00FFFF', 'Aqua');
INSERT INTO `color` VALUES(20240522024942, 'FFF8DC', 'Cornsilk');
INSERT INTO `color` VALUES(20240522024942, '1E90FF', 'DodgerBlue');
INSERT INTO `color` VALUES(20240522024943, '00FFFF', 'Aqua');
INSERT INTO `color` VALUES(20240522024943, 'E6E6FA', 'Lavender');
INSERT INTO `color` VALUES(20240522024943, 'FA8072', 'Salmon');
INSERT INTO `color` VALUES(20240522024944, '8B0000', 'DarkRed');
INSERT INTO `color` VALUES(20240522024945, '87CEEB', 'SkyBlue');
INSERT INTO `color` VALUES(20240522024945, '00FFFF', 'Aqua');
INSERT INTO `color` VALUES(20240522024945, 'FFC0CB', 'Pink');
INSERT INTO `color` VALUES(20240522024946, '87CEEB', 'SkyBlue');
INSERT INTO `color` VALUES(20240522024946, 'FF0000', 'Red');
INSERT INTO `color` VALUES(20240522024947, 'BC8F8F', 'RosyBrown');
INSERT INTO `color` VALUES(20240522024947, 'FFC0CB', 'Pink');
INSERT INTO `color` VALUES(20240522024947, '008000', 'Green');
INSERT INTO `color` VALUES(20240522024948, '008000', 'Green');
INSERT INTO `color` VALUES(20240522024948, 'FFC0CB', 'Pink');
INSERT INTO `color` VALUES(20240522024949, '9370DB', 'MediumPurple');
INSERT INTO `color` VALUES(20240522024949, 'C0C0C0', 'Silver');
INSERT INTO `color` VALUES(20240522024949, 'FFFFFF', 'White');
INSERT INTO `color` VALUES(20240522024950, 'BC8F8F', 'RosyBrown');
INSERT INTO `color` VALUES(20240522024951, '008000', 'Green');
INSERT INTO `color` VALUES(20240522024951, 'FFFFFF', 'White');
INSERT INTO `color` VALUES(20240522024951, '000000', 'Black');
INSERT INTO `color` VALUES(20240522024952, 'C0C0C0', 'Silver');
INSERT INTO `color` VALUES(20240522024952, '8B4513', 'SaddleBrown');
INSERT INTO `color` VALUES(20240522024953, 'FFD700', 'Gold');
INSERT INTO `color` VALUES(20240522024953, 'FFFFFF', 'White');
INSERT INTO `color` VALUES(20240522024954, 'FFC0CB', 'Pink');
INSERT INTO `color` VALUES(20240522024955, 'BC8F8F', 'RosyBrown');
INSERT INTO `color` VALUES(20240522024955, 'FFA500', 'Orange');
INSERT INTO `color` VALUES(20240522024955, '008000', 'Green');
INSERT INTO `color` VALUES(20240522024956, 'FFA500', 'Orange');
INSERT INTO `color` VALUES(20240522024956, 'FFF8DC', 'Cornsilk');
INSERT INTO `color` VALUES(20240522024956, 'B22222', 'FireBrick');
INSERT INTO `color` VALUES(20240522024957, '8B0000', 'DarkRed');
INSERT INTO `color` VALUES(20240522024957, 'FFC0CB', 'Pink');
INSERT INTO `color` VALUES(20240522024957, 'FFFFFF', 'White');
INSERT INTO `color` VALUES(20240522024958, 'BC8F8F', 'RosyBrown');
INSERT INTO `color` VALUES(20240522024958, '9370DB', 'MediumPurple');
INSERT INTO `color` VALUES(20240522024959, 'B22222', 'FireBrick');
INSERT INTO `color` VALUES(20240522024959, '87CEEB', 'SkyBlue');
INSERT INTO `color` VALUES(20240522025000, '87CEEB', 'SkyBlue');
INSERT INTO `color` VALUES(20240522025000, '8B4513', 'SaddleBrown');
INSERT INTO `color` VALUES(20240522025000, 'E6E6FA', 'Lavender');
INSERT INTO `color` VALUES(20240522025001, 'FA8072', 'Salmon');
INSERT INTO `color` VALUES(20240522025001, 'BC8F8F', 'RosyBrown');
INSERT INTO `color` VALUES(20240522025001, 'FFFFFF', 'White');
INSERT INTO `color` VALUES(20240522025002, '8B0000', 'DarkRed');
INSERT INTO `color` VALUES(20240522025002, 'FFFFFF', 'White');
INSERT INTO `color` VALUES(20240522025002, '008000', 'Green');
INSERT INTO `color` VALUES(20240522025003, 'E6E6FA', 'Lavender');
INSERT INTO `color` VALUES(20240522025004, 'B22222', 'FireBrick');
INSERT INTO `color` VALUES(20240522025005, '1E90FF', 'DodgerBlue');
INSERT INTO `color` VALUES(20240522025006, 'FFD700', 'Gold');
INSERT INTO `color` VALUES(20240522025007, '90EE90', 'LightGreen');
INSERT INTO `color` VALUES(20240522025007, '008000', 'Green');
INSERT INTO `color` VALUES(20240522025008, 'FFF8DC', 'Cornsilk');
INSERT INTO `color` VALUES(20240522025008, '9370DB', 'MediumPurple');
INSERT INTO `color` VALUES(20240522025009, 'FFA500', 'Orange');
INSERT INTO `color` VALUES(20240522025009, 'FFD700', 'Gold');
INSERT INTO `color` VALUES(20240522025009, '8B4513', 'SaddleBrown');
INSERT INTO `color` VALUES(20240522025010, 'FFD700', 'Gold');
INSERT INTO `color` VALUES(20240522025010, 'FFC0CB', 'Pink');
INSERT INTO `color` VALUES(20240522025011, 'FA8072', 'Salmon');
INSERT INTO `color` VALUES(20240522025012, 'FFC0CB', 'Pink');
INSERT INTO `color` VALUES(20240522025012, '1E90FF', 'DodgerBlue');
INSERT INTO `color` VALUES(20240522025012, '00FFFF', 'Aqua');
INSERT INTO `color` VALUES(20240522025013, '8B0000', 'DarkRed');
INSERT INTO `color` VALUES(20240522025013, 'FF0000', 'Red');
INSERT INTO `color` VALUES(20240522025014, 'FFFFFF', 'White');
INSERT INTO `color` VALUES(20240522025015, '90EE90', 'LightGreen');
INSERT INTO `color` VALUES(20240522025015, 'FFA500', 'Orange');
INSERT INTO `color` VALUES(20240522025016, '000000', 'Black');
INSERT INTO `color` VALUES(20240522025016, 'FA8072', 'Salmon');
INSERT INTO `color` VALUES(20240522025016, '9370DB', 'MediumPurple');
INSERT INTO `color` VALUES(20240522025017, 'E6E6FA', 'Lavender');
INSERT INTO `color` VALUES(20240522025017, '8B4513', 'SaddleBrown');
INSERT INTO `color` VALUES(20240522025017, '1E90FF', 'DodgerBlue');
INSERT INTO `color` VALUES(20240522025018, '87CEEB', 'SkyBlue');
INSERT INTO `color` VALUES(20240522025019, 'FFA500', 'Orange');
INSERT INTO `color` VALUES(20240522025019, '00FFFF', 'Aqua');
INSERT INTO `color` VALUES(20240522025019, '8B0000', 'DarkRed');
INSERT INTO `color` VALUES(20240522025020, '8B4513', 'SaddleBrown');
INSERT INTO `color` VALUES(20240522025020, 'E6E6FA', 'Lavender');
INSERT INTO `color` VALUES(20240522025021, 'FF0000', 'Red');
INSERT INTO `color` VALUES(20240522025022, 'FFFFFF', 'White');
INSERT INTO `color` VALUES(20240522025023, '90EE90', 'LightGreen');
INSERT INTO `color` VALUES(20240522025023, '87CEEB', 'SkyBlue');
INSERT INTO `color` VALUES(20240522025024, '00FFFF', 'Aqua');
INSERT INTO `color` VALUES(20240522025025, 'FFFFFF', 'White');
INSERT INTO `color` VALUES(20240522025026, 'B22222', 'FireBrick');
INSERT INTO `color` VALUES(20240522025026, '00FFFF', 'Aqua');
INSERT INTO `color` VALUES(20240522025027, '9370DB', 'MediumPurple');
INSERT INTO `color` VALUES(20240522025027, 'C0C0C0', 'Silver');
INSERT INTO `color` VALUES(20240522025028, 'FF0000', 'Red');
INSERT INTO `color` VALUES(20240522025028, '8B0000', 'DarkRed');
INSERT INTO `color` VALUES(20240522025028, '1E90FF', 'DodgerBlue');
INSERT INTO `color` VALUES(20240522025029, 'FFC0CB', 'Pink');
INSERT INTO `color` VALUES(20240522025030, 'FFC0CB', 'Pink');
INSERT INTO `color` VALUES(20240522025031, 'FF0000', 'Red');
INSERT INTO `color` VALUES(20240522025031, 'BC8F8F', 'RosyBrown');
INSERT INTO `color` VALUES(20240522025031, '008000', 'Green');
INSERT INTO `color` VALUES(20240522025032, 'FFD700', 'Gold');
INSERT INTO `color` VALUES(20240522025032, '1E90FF', 'DodgerBlue');
INSERT INTO `color` VALUES(20240522025032, '87CEEB', 'SkyBlue');
INSERT INTO `color` VALUES(20240522025033, 'E6E6FA', 'Lavender');
INSERT INTO `color` VALUES(20240522025033, 'FF0000', 'Red');
INSERT INTO `color` VALUES(20240522025034, '008000', 'Green');
INSERT INTO `color` VALUES(20240522025034, '87CEEB', 'SkyBlue');
INSERT INTO `color` VALUES(20240522025034, '1E90FF', 'DodgerBlue');
INSERT INTO `color` VALUES(20240522025035, '90EE90', 'LightGreen');
INSERT INTO `color` VALUES(20240522025036, '000000', 'Black');
INSERT INTO `color` VALUES(20240522025037, 'FFFFFF', 'White');
INSERT INTO `color` VALUES(20240522025037, 'FF0000', 'Red');
INSERT INTO `color` VALUES(20240522025037, 'FFF8DC', 'Cornsilk');
INSERT INTO `color` VALUES(20240522025038, '8B4513', 'SaddleBrown');
INSERT INTO `color` VALUES(20240522025038, 'B22222', 'FireBrick');
INSERT INTO `color` VALUES(20240522025039, '90EE90', 'LightGreen');
INSERT INTO `color` VALUES(20240522025039, 'B22222', 'FireBrick');
INSERT INTO `color` VALUES(20240522025040, 'FA8072', 'Salmon');
INSERT INTO `color` VALUES(20240522025040, '87CEEB', 'SkyBlue');
INSERT INTO `color` VALUES(20240522025041, 'FFD700', 'Gold');
INSERT INTO `color` VALUES(20240522025041, '8B4513', 'SaddleBrown');
INSERT INTO `color` VALUES(20240522025042, '9370DB', 'MediumPurple');
INSERT INTO `color` VALUES(20240522025042, '87CEEB', 'SkyBlue');
INSERT INTO `color` VALUES(20240522025043, 'FFF8DC', 'Cornsilk');
INSERT INTO `color` VALUES(20240522025043, '00FFFF', 'Aqua');
INSERT INTO `color` VALUES(20240522025044, 'B22222', 'FireBrick');
INSERT INTO `color` VALUES(20240522025045, 'E6E6FA', 'Lavender');
INSERT INTO `color` VALUES(20240522025046, '000000', 'Black');
INSERT INTO `color` VALUES(20240522025046, 'FFF8DC', 'Cornsilk');
INSERT INTO `color` VALUES(20240522025047, '8B0000', 'DarkRed');
INSERT INTO `color` VALUES(20240522025047, 'FFFFFF', 'White');
INSERT INTO `color` VALUES(20240522025047, 'B22222', 'FireBrick');
INSERT INTO `color` VALUES(20240522025048, 'C0C0C0', 'Silver');
INSERT INTO `color` VALUES(20240522025048, '87CEEB', 'SkyBlue');
INSERT INTO `color` VALUES(20240522025048, 'FFA500', 'Orange');
INSERT INTO `color` VALUES(20240522025049, '008000', 'Green');
INSERT INTO `color` VALUES(20240522025049, '90EE90', 'LightGreen');
INSERT INTO `color` VALUES(20240522025050, 'FF0000', 'Red');
INSERT INTO `color` VALUES(20240522025050, '8B4513', 'SaddleBrown');
INSERT INTO `color` VALUES(20240522025050, 'B22222', 'FireBrick');
INSERT INTO `color` VALUES(20240522025051, '1E90FF', 'DodgerBlue');
INSERT INTO `color` VALUES(20240522025051, 'B22222', 'FireBrick');
INSERT INTO `color` VALUES(20240522025051, 'FFF8DC', 'Cornsilk');
INSERT INTO `color` VALUES(20240522025052, '87CEEB', 'SkyBlue');
INSERT INTO `color` VALUES(20240522025053, 'FA8072', 'Salmon');
INSERT INTO `color` VALUES(20240522025054, 'FFFFFF', 'White');
INSERT INTO `color` VALUES(20240522025055, '00FFFF', 'Aqua');
INSERT INTO `color` VALUES(20240522025056, '8B0000', 'DarkRed');
INSERT INTO `color` VALUES(20240522025057, 'FFF8DC', 'Cornsilk');
INSERT INTO `color` VALUES(20240522025057, 'FFC0CB', 'Pink');
INSERT INTO `color` VALUES(20240522025058, '8B4513', 'SaddleBrown');
INSERT INTO `color` VALUES(20240522025058, '1E90FF', 'DodgerBlue');
INSERT INTO `color` VALUES(20240522025058, 'FFFFFF', 'White');
INSERT INTO `color` VALUES(20240522025059, '90EE90', 'LightGreen');
INSERT INTO `color` VALUES(20240522025059, '000000', 'Black');

-- --------------------------------------------------------

--
-- Table structure for table `order`
--

CREATE TABLE `order` (
  `id` bigint UNSIGNED NOT NULL COMMENT 'Order Id',
  `user_id` bigint UNSIGNED DEFAULT NULL COMMENT 'User Id',
  `shipping` varchar(255) NOT NULL COMMENT 'Order Shipping',
  `payment` varchar(255) NOT NULL COMMENT 'Order Payment',
  `subtotal` int UNSIGNED DEFAULT NULL COMMENT 'Order Subtotal',
  `freight` int UNSIGNED DEFAULT NULL COMMENT 'Order Price excluded Freight Fee',
  `total` int UNSIGNED DEFAULT NULL COMMENT 'Order Total Price',
  `trade_id` varchar(255) DEFAULT NULL COMMENT 'Order Trade Id.',
  `timestamp` timestamp NOT NULL DEFAULT CURRENT_TIMESTAMP
) ENGINE=InnoDB DEFAULT CHARSET=utf8mb4 COLLATE=utf8mb4_0900_ai_ci;

-- --------------------------------------------------------

--
-- Table structure for table `pay_info`
--

CREATE TABLE `pay_info` (
  `user_id` bigint UNSIGNED NOT NULL COMMENT 'User id',
  `name` varchar(255) NOT NULL COMMENT 'Card Holder Name',
  `phone` varchar(255) NOT NULL COMMENT 'Card Holder Phone',
  `email` varchar(255) NOT NULL COMMENT 'Card Holder Email',
  `credit_card` varchar(255) NOT NULL COMMENT 'Credit Card Number',
  `expire_date` varchar(255) NOT NULL COMMENT 'Credit Card Expire Date'
) ENGINE=InnoDB DEFAULT CHARSET=utf8mb4 COLLATE=utf8mb4_0900_ai_ci;

-- --------------------------------------------------------

--
-- Table structure for table `product`
--

CREATE TABLE `product` (
  `id` bigint NOT NULL COMMENT 'Product id',
  `category` varchar(255) NOT NULL COMMENT 'Product category',
  `title` varchar(255) NOT NULL COMMENT 'Product title',
  `description` text COMMENT 'Product description',
  `price` decimal(10,2) NOT NULL COMMENT 'Product price',
  `texture` varchar(255) DEFAULT NULL COMMENT 'Product texture.',
  `wash` varchar(255) DEFAULT NULL COMMENT 'The way we can wash the product.',
  `place` varchar(255) DEFAULT NULL COMMENT 'Place of production.',
  `note` varchar(255) DEFAULT NULL COMMENT 'The note of product.',
  `story` text COMMENT 'Product multiline story.',
  `main_image` varchar(255) DEFAULT NULL COMMENT 'Main image.',
  `images` json DEFAULT NULL COMMENT 'images.',
  `timestamp` timestamp NOT NULL DEFAULT CURRENT_TIMESTAMP
) ENGINE=InnoDB DEFAULT CHARSET=utf8mb4 COLLATE=utf8mb4_0900_ai_ci;

--
-- Dumping data for table `product`
--

INSERT INTO `product` VALUES(20240522024920, 'men', 'Product-1', 'description-1', '3461.00', 'texture', 'wash', 'place', 'note', 'story', '20240522015947-0-8bac89ed98b428dd30231ce116f72ac7', '[\"20240522015947-0-25ea6c8fa616d9ed6140593e7395e2e1\", \"20240522015947-1-6420b34207a6e90027bd9fcfbb3dc992\", \"20240522015947-2-efdf63df77a64cb6a1bd8189c81792a6\"]', '2024-05-21 18:49:20');
INSERT INTO `product` VALUES(20240522024921, 'men', 'Product-2', 'description-2', '9811.00', 'texture', 'wash', 'place', 'note', 'story', '20240522015947-0-8bac89ed98b428dd30231ce116f72ac7', '[\"20240522015947-0-25ea6c8fa616d9ed6140593e7395e2e1\", \"20240522015947-1-6420b34207a6e90027bd9fcfbb3dc992\", \"20240522015947-2-efdf63df77a64cb6a1bd8189c81792a6\"]', '2024-05-21 18:49:21');
INSERT INTO `product` VALUES(20240522024922, 'men', 'Product-3', 'description-3', '7908.00', 'texture', 'wash', 'place', 'note', 'story', '20240522015947-0-8bac89ed98b428dd30231ce116f72ac7', '[\"20240522015947-0-25ea6c8fa616d9ed6140593e7395e2e1\", \"20240522015947-1-6420b34207a6e90027bd9fcfbb3dc992\", \"20240522015947-2-efdf63df77a64cb6a1bd8189c81792a6\"]', '2024-05-21 18:49:22');
INSERT INTO `product` VALUES(20240522024923, 'men', 'Product-4', 'description-4', '541.00', 'texture', 'wash', 'place', 'note', 'story', '20240522015947-0-8bac89ed98b428dd30231ce116f72ac7', '[\"20240522015947-0-25ea6c8fa616d9ed6140593e7395e2e1\", \"20240522015947-1-6420b34207a6e90027bd9fcfbb3dc992\", \"20240522015947-2-efdf63df77a64cb6a1bd8189c81792a6\"]', '2024-05-21 18:49:23');
INSERT INTO `product` VALUES(20240522024924, 'men', 'Product-5', 'description-5', '4383.00', 'texture', 'wash', 'place', 'note', 'story', '20240522015947-0-8bac89ed98b428dd30231ce116f72ac7', '[\"20240522015947-0-25ea6c8fa616d9ed6140593e7395e2e1\", \"20240522015947-1-6420b34207a6e90027bd9fcfbb3dc992\", \"20240522015947-2-efdf63df77a64cb6a1bd8189c81792a6\"]', '2024-05-21 18:49:24');
INSERT INTO `product` VALUES(20240522024925, 'men', 'Product-6', 'description-6', '343.00', 'texture', 'wash', 'place', 'note', 'story', '20240522015947-0-8bac89ed98b428dd30231ce116f72ac7', '[\"20240522015947-0-25ea6c8fa616d9ed6140593e7395e2e1\", \"20240522015947-1-6420b34207a6e90027bd9fcfbb3dc992\", \"20240522015947-2-efdf63df77a64cb6a1bd8189c81792a6\"]', '2024-05-21 18:49:25');
INSERT INTO `product` VALUES(20240522024926, 'men', 'Product-7', 'description-7', '2135.00', 'texture', 'wash', 'place', 'note', 'story', '20240522015947-0-8bac89ed98b428dd30231ce116f72ac7', '[\"20240522015947-0-25ea6c8fa616d9ed6140593e7395e2e1\", \"20240522015947-1-6420b34207a6e90027bd9fcfbb3dc992\", \"20240522015947-2-efdf63df77a64cb6a1bd8189c81792a6\"]', '2024-05-21 18:49:26');
INSERT INTO `product` VALUES(20240522024927, 'men', 'Product-8', 'description-8', '6276.00', 'texture', 'wash', 'place', 'note', 'story', '20240522015947-0-8bac89ed98b428dd30231ce116f72ac7', '[\"20240522015947-0-25ea6c8fa616d9ed6140593e7395e2e1\", \"20240522015947-1-6420b34207a6e90027bd9fcfbb3dc992\", \"20240522015947-2-efdf63df77a64cb6a1bd8189c81792a6\"]', '2024-05-21 18:49:27');
INSERT INTO `product` VALUES(20240522024928, 'men', 'Product-9', 'description-9', '9124.00', 'texture', 'wash', 'place', 'note', 'story', '20240522015947-0-8bac89ed98b428dd30231ce116f72ac7', '[\"20240522015947-0-25ea6c8fa616d9ed6140593e7395e2e1\", \"20240522015947-1-6420b34207a6e90027bd9fcfbb3dc992\", \"20240522015947-2-efdf63df77a64cb6a1bd8189c81792a6\"]', '2024-05-21 18:49:28');
INSERT INTO `product` VALUES(20240522024929, 'men', 'Product-10', 'description-10', '181.00', 'texture', 'wash', 'place', 'note', 'story', '20240522015947-0-8bac89ed98b428dd30231ce116f72ac7', '[\"20240522015947-0-25ea6c8fa616d9ed6140593e7395e2e1\", \"20240522015947-1-6420b34207a6e90027bd9fcfbb3dc992\", \"20240522015947-2-efdf63df77a64cb6a1bd8189c81792a6\"]', '2024-05-21 18:49:29');
INSERT INTO `product` VALUES(20240522024930, 'men', 'Product-11', 'description-11', '7696.00', 'texture', 'wash', 'place', 'note', 'story', '20240522015947-0-8bac89ed98b428dd30231ce116f72ac7', '[\"20240522015947-0-25ea6c8fa616d9ed6140593e7395e2e1\", \"20240522015947-1-6420b34207a6e90027bd9fcfbb3dc992\", \"20240522015947-2-efdf63df77a64cb6a1bd8189c81792a6\"]', '2024-05-21 18:49:30');
INSERT INTO `product` VALUES(20240522024931, 'men', 'Product-12', 'description-12', '6229.00', 'texture', 'wash', 'place', 'note', 'story', '20240522015947-0-8bac89ed98b428dd30231ce116f72ac7', '[\"20240522015947-0-25ea6c8fa616d9ed6140593e7395e2e1\", \"20240522015947-1-6420b34207a6e90027bd9fcfbb3dc992\", \"20240522015947-2-efdf63df77a64cb6a1bd8189c81792a6\"]', '2024-05-21 18:49:31');
INSERT INTO `product` VALUES(20240522024932, 'men', 'Product-13', 'description-13', '66.00', 'texture', 'wash', 'place', 'note', 'story', '20240522015947-0-8bac89ed98b428dd30231ce116f72ac7', '[\"20240522015947-0-25ea6c8fa616d9ed6140593e7395e2e1\", \"20240522015947-1-6420b34207a6e90027bd9fcfbb3dc992\", \"20240522015947-2-efdf63df77a64cb6a1bd8189c81792a6\"]', '2024-05-21 18:49:32');
INSERT INTO `product` VALUES(20240522024933, 'men', 'Product-14', 'description-14', '9474.00', 'texture', 'wash', 'place', 'note', 'story', '20240522015947-0-8bac89ed98b428dd30231ce116f72ac7', '[\"20240522015947-0-25ea6c8fa616d9ed6140593e7395e2e1\", \"20240522015947-1-6420b34207a6e90027bd9fcfbb3dc992\", \"20240522015947-2-efdf63df77a64cb6a1bd8189c81792a6\"]', '2024-05-21 18:49:33');
INSERT INTO `product` VALUES(20240522024934, 'men', 'Product-15', 'description-15', '2360.00', 'texture', 'wash', 'place', 'note', 'story', '20240522015947-0-8bac89ed98b428dd30231ce116f72ac7', '[\"20240522015947-0-25ea6c8fa616d9ed6140593e7395e2e1\", \"20240522015947-1-6420b34207a6e90027bd9fcfbb3dc992\", \"20240522015947-2-efdf63df77a64cb6a1bd8189c81792a6\"]', '2024-05-21 18:49:34');
INSERT INTO `product` VALUES(20240522024935, 'men', 'Product-16', 'description-16', '5879.00', 'texture', 'wash', 'place', 'note', 'story', '20240522015947-0-8bac89ed98b428dd30231ce116f72ac7', '[\"20240522015947-0-25ea6c8fa616d9ed6140593e7395e2e1\", \"20240522015947-1-6420b34207a6e90027bd9fcfbb3dc992\", \"20240522015947-2-efdf63df77a64cb6a1bd8189c81792a6\"]', '2024-05-21 18:49:35');
INSERT INTO `product` VALUES(20240522024936, 'men', 'Product-17', 'description-17', '3796.00', 'texture', 'wash', 'place', 'note', 'story', '20240522015947-0-8bac89ed98b428dd30231ce116f72ac7', '[\"20240522015947-0-25ea6c8fa616d9ed6140593e7395e2e1\", \"20240522015947-1-6420b34207a6e90027bd9fcfbb3dc992\", \"20240522015947-2-efdf63df77a64cb6a1bd8189c81792a6\"]', '2024-05-21 18:49:36');
INSERT INTO `product` VALUES(20240522024937, 'men', 'Product-18', 'description-18', '6207.00', 'texture', 'wash', 'place', 'note', 'story', '20240522015947-0-8bac89ed98b428dd30231ce116f72ac7', '[\"20240522015947-0-25ea6c8fa616d9ed6140593e7395e2e1\", \"20240522015947-1-6420b34207a6e90027bd9fcfbb3dc992\", \"20240522015947-2-efdf63df77a64cb6a1bd8189c81792a6\"]', '2024-05-21 18:49:37');
INSERT INTO `product` VALUES(20240522024938, 'men', 'Product-19', 'description-19', '1748.00', 'texture', 'wash', 'place', 'note', 'story', '20240522015947-0-8bac89ed98b428dd30231ce116f72ac7', '[\"20240522015947-0-25ea6c8fa616d9ed6140593e7395e2e1\", \"20240522015947-1-6420b34207a6e90027bd9fcfbb3dc992\", \"20240522015947-2-efdf63df77a64cb6a1bd8189c81792a6\"]', '2024-05-21 18:49:38');
INSERT INTO `product` VALUES(20240522024939, 'men', 'Product-20', 'description-20', '2718.00', 'texture', 'wash', 'place', 'note', 'story', '20240522015947-0-8bac89ed98b428dd30231ce116f72ac7', '[\"20240522015947-0-25ea6c8fa616d9ed6140593e7395e2e1\", \"20240522015947-1-6420b34207a6e90027bd9fcfbb3dc992\", \"20240522015947-2-efdf63df77a64cb6a1bd8189c81792a6\"]', '2024-05-21 18:49:39');
INSERT INTO `product` VALUES(20240522024940, 'men', 'Product-21', 'description-21', '4923.00', 'texture', 'wash', 'place', 'note', 'story', '20240522015947-0-8bac89ed98b428dd30231ce116f72ac7', '[\"20240522015947-0-25ea6c8fa616d9ed6140593e7395e2e1\", \"20240522015947-1-6420b34207a6e90027bd9fcfbb3dc992\", \"20240522015947-2-efdf63df77a64cb6a1bd8189c81792a6\"]', '2024-05-21 18:49:40');
INSERT INTO `product` VALUES(20240522024941, 'men', 'Product-22', 'description-22', '7613.00', 'texture', 'wash', 'place', 'note', 'story', '20240522015947-0-8bac89ed98b428dd30231ce116f72ac7', '[\"20240522015947-0-25ea6c8fa616d9ed6140593e7395e2e1\", \"20240522015947-1-6420b34207a6e90027bd9fcfbb3dc992\", \"20240522015947-2-efdf63df77a64cb6a1bd8189c81792a6\"]', '2024-05-21 18:49:41');
INSERT INTO `product` VALUES(20240522024942, 'men', 'Product-23', 'description-23', '2837.00', 'texture', 'wash', 'place', 'note', 'story', '20240522015947-0-8bac89ed98b428dd30231ce116f72ac7', '[\"20240522015947-0-25ea6c8fa616d9ed6140593e7395e2e1\", \"20240522015947-1-6420b34207a6e90027bd9fcfbb3dc992\", \"20240522015947-2-efdf63df77a64cb6a1bd8189c81792a6\"]', '2024-05-21 18:49:42');
INSERT INTO `product` VALUES(20240522024943, 'men', 'Product-24', 'description-24', '9086.00', 'texture', 'wash', 'place', 'note', 'story', '20240522015947-0-8bac89ed98b428dd30231ce116f72ac7', '[\"20240522015947-0-25ea6c8fa616d9ed6140593e7395e2e1\", \"20240522015947-1-6420b34207a6e90027bd9fcfbb3dc992\", \"20240522015947-2-efdf63df77a64cb6a1bd8189c81792a6\"]', '2024-05-21 18:49:43');
INSERT INTO `product` VALUES(20240522024944, 'men', 'Product-25', 'description-25', '9445.00', 'texture', 'wash', 'place', 'note', 'story', '20240522015947-0-8bac89ed98b428dd30231ce116f72ac7', '[\"20240522015947-0-25ea6c8fa616d9ed6140593e7395e2e1\", \"20240522015947-1-6420b34207a6e90027bd9fcfbb3dc992\", \"20240522015947-2-efdf63df77a64cb6a1bd8189c81792a6\"]', '2024-05-21 18:49:44');
INSERT INTO `product` VALUES(20240522024945, 'men', 'Product-26', 'description-26', '1502.00', 'texture', 'wash', 'place', 'note', 'story', '20240522015947-0-8bac89ed98b428dd30231ce116f72ac7', '[\"20240522015947-0-25ea6c8fa616d9ed6140593e7395e2e1\", \"20240522015947-1-6420b34207a6e90027bd9fcfbb3dc992\", \"20240522015947-2-efdf63df77a64cb6a1bd8189c81792a6\"]', '2024-05-21 18:49:45');
INSERT INTO `product` VALUES(20240522024946, 'men', 'Product-27', 'description-27', '5268.00', 'texture', 'wash', 'place', 'note', 'story', '20240522015947-0-8bac89ed98b428dd30231ce116f72ac7', '[\"20240522015947-0-25ea6c8fa616d9ed6140593e7395e2e1\", \"20240522015947-1-6420b34207a6e90027bd9fcfbb3dc992\", \"20240522015947-2-efdf63df77a64cb6a1bd8189c81792a6\"]', '2024-05-21 18:49:46');
INSERT INTO `product` VALUES(20240522024947, 'men', 'Product-28', 'description-28', '6639.00', 'texture', 'wash', 'place', 'note', 'story', '20240522015947-0-8bac89ed98b428dd30231ce116f72ac7', '[\"20240522015947-0-25ea6c8fa616d9ed6140593e7395e2e1\", \"20240522015947-1-6420b34207a6e90027bd9fcfbb3dc992\", \"20240522015947-2-efdf63df77a64cb6a1bd8189c81792a6\"]', '2024-05-21 18:49:47');
INSERT INTO `product` VALUES(20240522024948, 'men', 'Product-29', 'description-29', '6680.00', 'texture', 'wash', 'place', 'note', 'story', '20240522015947-0-8bac89ed98b428dd30231ce116f72ac7', '[\"20240522015947-0-25ea6c8fa616d9ed6140593e7395e2e1\", \"20240522015947-1-6420b34207a6e90027bd9fcfbb3dc992\", \"20240522015947-2-efdf63df77a64cb6a1bd8189c81792a6\"]', '2024-05-21 18:49:48');
INSERT INTO `product` VALUES(20240522024949, 'men', 'Product-30', 'description-30', '6171.00', 'texture', 'wash', 'place', 'note', 'story', '20240522015947-0-8bac89ed98b428dd30231ce116f72ac7', '[\"20240522015947-0-25ea6c8fa616d9ed6140593e7395e2e1\", \"20240522015947-1-6420b34207a6e90027bd9fcfbb3dc992\", \"20240522015947-2-efdf63df77a64cb6a1bd8189c81792a6\"]', '2024-05-21 18:49:49');
INSERT INTO `product` VALUES(20240522024950, 'women', 'Product-31', 'description-31', '5642.00', 'texture', 'wash', 'place', 'note', 'story', '20240522015947-0-8bac89ed98b428dd30231ce116f72ac7', '[\"20240522015947-0-25ea6c8fa616d9ed6140593e7395e2e1\", \"20240522015947-1-6420b34207a6e90027bd9fcfbb3dc992\", \"20240522015947-2-efdf63df77a64cb6a1bd8189c81792a6\"]', '2024-05-21 18:49:50');
INSERT INTO `product` VALUES(20240522024951, 'women', 'Product-32', 'description-32', '8640.00', 'texture', 'wash', 'place', 'note', 'story', '20240522015947-0-8bac89ed98b428dd30231ce116f72ac7', '[\"20240522015947-0-25ea6c8fa616d9ed6140593e7395e2e1\", \"20240522015947-1-6420b34207a6e90027bd9fcfbb3dc992\", \"20240522015947-2-efdf63df77a64cb6a1bd8189c81792a6\"]', '2024-05-21 18:49:51');
INSERT INTO `product` VALUES(20240522024952, 'women', 'Product-33', 'description-33', '7337.00', 'texture', 'wash', 'place', 'note', 'story', '20240522015947-0-8bac89ed98b428dd30231ce116f72ac7', '[\"20240522015947-0-25ea6c8fa616d9ed6140593e7395e2e1\", \"20240522015947-1-6420b34207a6e90027bd9fcfbb3dc992\", \"20240522015947-2-efdf63df77a64cb6a1bd8189c81792a6\"]', '2024-05-21 18:49:52');
INSERT INTO `product` VALUES(20240522024953, 'women', 'Product-34', 'description-34', '3855.00', 'texture', 'wash', 'place', 'note', 'story', '20240522015947-0-8bac89ed98b428dd30231ce116f72ac7', '[\"20240522015947-0-25ea6c8fa616d9ed6140593e7395e2e1\", \"20240522015947-1-6420b34207a6e90027bd9fcfbb3dc992\", \"20240522015947-2-efdf63df77a64cb6a1bd8189c81792a6\"]', '2024-05-21 18:49:53');
INSERT INTO `product` VALUES(20240522024954, 'women', 'Product-35', 'description-35', '4687.00', 'texture', 'wash', 'place', 'note', 'story', '20240522015947-0-8bac89ed98b428dd30231ce116f72ac7', '[\"20240522015947-0-25ea6c8fa616d9ed6140593e7395e2e1\", \"20240522015947-1-6420b34207a6e90027bd9fcfbb3dc992\", \"20240522015947-2-efdf63df77a64cb6a1bd8189c81792a6\"]', '2024-05-21 18:49:54');
INSERT INTO `product` VALUES(20240522024955, 'women', 'Product-36', 'description-36', '1798.00', 'texture', 'wash', 'place', 'note', 'story', '20240522015947-0-8bac89ed98b428dd30231ce116f72ac7', '[\"20240522015947-0-25ea6c8fa616d9ed6140593e7395e2e1\", \"20240522015947-1-6420b34207a6e90027bd9fcfbb3dc992\", \"20240522015947-2-efdf63df77a64cb6a1bd8189c81792a6\"]', '2024-05-21 18:49:55');
INSERT INTO `product` VALUES(20240522024956, 'women', 'Product-37', 'description-37', '3735.00', 'texture', 'wash', 'place', 'note', 'story', '20240522015947-0-8bac89ed98b428dd30231ce116f72ac7', '[\"20240522015947-0-25ea6c8fa616d9ed6140593e7395e2e1\", \"20240522015947-1-6420b34207a6e90027bd9fcfbb3dc992\", \"20240522015947-2-efdf63df77a64cb6a1bd8189c81792a6\"]', '2024-05-21 18:49:56');
INSERT INTO `product` VALUES(20240522024957, 'women', 'Product-38', 'description-38', '1946.00', 'texture', 'wash', 'place', 'note', 'story', '20240522015947-0-8bac89ed98b428dd30231ce116f72ac7', '[\"20240522015947-0-25ea6c8fa616d9ed6140593e7395e2e1\", \"20240522015947-1-6420b34207a6e90027bd9fcfbb3dc992\", \"20240522015947-2-efdf63df77a64cb6a1bd8189c81792a6\"]', '2024-05-21 18:49:57');
INSERT INTO `product` VALUES(20240522024958, 'women', 'Product-39', 'description-39', '4209.00', 'texture', 'wash', 'place', 'note', 'story', '20240522015947-0-8bac89ed98b428dd30231ce116f72ac7', '[\"20240522015947-0-25ea6c8fa616d9ed6140593e7395e2e1\", \"20240522015947-1-6420b34207a6e90027bd9fcfbb3dc992\", \"20240522015947-2-efdf63df77a64cb6a1bd8189c81792a6\"]', '2024-05-21 18:49:58');
INSERT INTO `product` VALUES(20240522024959, 'women', 'Product-40', 'description-40', '8325.00', 'texture', 'wash', 'place', 'note', 'story', '20240522015947-0-8bac89ed98b428dd30231ce116f72ac7', '[\"20240522015947-0-25ea6c8fa616d9ed6140593e7395e2e1\", \"20240522015947-1-6420b34207a6e90027bd9fcfbb3dc992\", \"20240522015947-2-efdf63df77a64cb6a1bd8189c81792a6\"]', '2024-05-21 18:49:59');
INSERT INTO `product` VALUES(20240522025000, 'women', 'Product-41', 'description-41', '6281.00', 'texture', 'wash', 'place', 'note', 'story', '20240522015947-0-8bac89ed98b428dd30231ce116f72ac7', '[\"20240522015947-0-25ea6c8fa616d9ed6140593e7395e2e1\", \"20240522015947-1-6420b34207a6e90027bd9fcfbb3dc992\", \"20240522015947-2-efdf63df77a64cb6a1bd8189c81792a6\"]', '2024-05-21 18:50:00');
INSERT INTO `product` VALUES(20240522025001, 'women', 'Product-42', 'description-42', '7937.00', 'texture', 'wash', 'place', 'note', 'story', '20240522015947-0-8bac89ed98b428dd30231ce116f72ac7', '[\"20240522015947-0-25ea6c8fa616d9ed6140593e7395e2e1\", \"20240522015947-1-6420b34207a6e90027bd9fcfbb3dc992\", \"20240522015947-2-efdf63df77a64cb6a1bd8189c81792a6\"]', '2024-05-21 18:50:01');
INSERT INTO `product` VALUES(20240522025002, 'women', 'Product-43', 'description-43', '1502.00', 'texture', 'wash', 'place', 'note', 'story', '20240522015947-0-8bac89ed98b428dd30231ce116f72ac7', '[\"20240522015947-0-25ea6c8fa616d9ed6140593e7395e2e1\", \"20240522015947-1-6420b34207a6e90027bd9fcfbb3dc992\", \"20240522015947-2-efdf63df77a64cb6a1bd8189c81792a6\"]', '2024-05-21 18:50:02');
INSERT INTO `product` VALUES(20240522025003, 'women', 'Product-44', 'description-44', '1516.00', 'texture', 'wash', 'place', 'note', 'story', '20240522015947-0-8bac89ed98b428dd30231ce116f72ac7', '[\"20240522015947-0-25ea6c8fa616d9ed6140593e7395e2e1\", \"20240522015947-1-6420b34207a6e90027bd9fcfbb3dc992\", \"20240522015947-2-efdf63df77a64cb6a1bd8189c81792a6\"]', '2024-05-21 18:50:03');
INSERT INTO `product` VALUES(20240522025004, 'women', 'Product-45', 'description-45', '6096.00', 'texture', 'wash', 'place', 'note', 'story', '20240522015947-0-8bac89ed98b428dd30231ce116f72ac7', '[\"20240522015947-0-25ea6c8fa616d9ed6140593e7395e2e1\", \"20240522015947-1-6420b34207a6e90027bd9fcfbb3dc992\", \"20240522015947-2-efdf63df77a64cb6a1bd8189c81792a6\"]', '2024-05-21 18:50:04');
INSERT INTO `product` VALUES(20240522025005, 'women', 'Product-46', 'description-46', '4280.00', 'texture', 'wash', 'place', 'note', 'story', '20240522015947-0-8bac89ed98b428dd30231ce116f72ac7', '[\"20240522015947-0-25ea6c8fa616d9ed6140593e7395e2e1\", \"20240522015947-1-6420b34207a6e90027bd9fcfbb3dc992\", \"20240522015947-2-efdf63df77a64cb6a1bd8189c81792a6\"]', '2024-05-21 18:50:05');
INSERT INTO `product` VALUES(20240522025006, 'women', 'Product-47', 'description-47', '399.00', 'texture', 'wash', 'place', 'note', 'story', '20240522015947-0-8bac89ed98b428dd30231ce116f72ac7', '[\"20240522015947-0-25ea6c8fa616d9ed6140593e7395e2e1\", \"20240522015947-1-6420b34207a6e90027bd9fcfbb3dc992\", \"20240522015947-2-efdf63df77a64cb6a1bd8189c81792a6\"]', '2024-05-21 18:50:06');
INSERT INTO `product` VALUES(20240522025007, 'women', 'Product-48', 'description-48', '7453.00', 'texture', 'wash', 'place', 'note', 'story', '20240522015947-0-8bac89ed98b428dd30231ce116f72ac7', '[\"20240522015947-0-25ea6c8fa616d9ed6140593e7395e2e1\", \"20240522015947-1-6420b34207a6e90027bd9fcfbb3dc992\", \"20240522015947-2-efdf63df77a64cb6a1bd8189c81792a6\"]', '2024-05-21 18:50:07');
INSERT INTO `product` VALUES(20240522025008, 'women', 'Product-49', 'description-49', '2126.00', 'texture', 'wash', 'place', 'note', 'story', '20240522015947-0-8bac89ed98b428dd30231ce116f72ac7', '[\"20240522015947-0-25ea6c8fa616d9ed6140593e7395e2e1\", \"20240522015947-1-6420b34207a6e90027bd9fcfbb3dc992\", \"20240522015947-2-efdf63df77a64cb6a1bd8189c81792a6\"]', '2024-05-21 18:50:08');
INSERT INTO `product` VALUES(20240522025009, 'women', 'Product-50', 'description-50', '9811.00', 'texture', 'wash', 'place', 'note', 'story', '20240522015947-0-8bac89ed98b428dd30231ce116f72ac7', '[\"20240522015947-0-25ea6c8fa616d9ed6140593e7395e2e1\", \"20240522015947-1-6420b34207a6e90027bd9fcfbb3dc992\", \"20240522015947-2-efdf63df77a64cb6a1bd8189c81792a6\"]', '2024-05-21 18:50:09');
INSERT INTO `product` VALUES(20240522025010, 'women', 'Product-51', 'description-51', '9349.00', 'texture', 'wash', 'place', 'note', 'story', '20240522015947-0-8bac89ed98b428dd30231ce116f72ac7', '[\"20240522015947-0-25ea6c8fa616d9ed6140593e7395e2e1\", \"20240522015947-1-6420b34207a6e90027bd9fcfbb3dc992\", \"20240522015947-2-efdf63df77a64cb6a1bd8189c81792a6\"]', '2024-05-21 18:50:10');
INSERT INTO `product` VALUES(20240522025011, 'women', 'Product-52', 'description-52', '8514.00', 'texture', 'wash', 'place', 'note', 'story', '20240522015947-0-8bac89ed98b428dd30231ce116f72ac7', '[\"20240522015947-0-25ea6c8fa616d9ed6140593e7395e2e1\", \"20240522015947-1-6420b34207a6e90027bd9fcfbb3dc992\", \"20240522015947-2-efdf63df77a64cb6a1bd8189c81792a6\"]', '2024-05-21 18:50:11');
INSERT INTO `product` VALUES(20240522025012, 'women', 'Product-53', 'description-53', '2939.00', 'texture', 'wash', 'place', 'note', 'story', '20240522015947-0-8bac89ed98b428dd30231ce116f72ac7', '[\"20240522015947-0-25ea6c8fa616d9ed6140593e7395e2e1\", \"20240522015947-1-6420b34207a6e90027bd9fcfbb3dc992\", \"20240522015947-2-efdf63df77a64cb6a1bd8189c81792a6\"]', '2024-05-21 18:50:12');
INSERT INTO `product` VALUES(20240522025013, 'women', 'Product-54', 'description-54', '1413.00', 'texture', 'wash', 'place', 'note', 'story', '20240522015947-0-8bac89ed98b428dd30231ce116f72ac7', '[\"20240522015947-0-25ea6c8fa616d9ed6140593e7395e2e1\", \"20240522015947-1-6420b34207a6e90027bd9fcfbb3dc992\", \"20240522015947-2-efdf63df77a64cb6a1bd8189c81792a6\"]', '2024-05-21 18:50:13');
INSERT INTO `product` VALUES(20240522025014, 'women', 'Product-55', 'description-55', '2240.00', 'texture', 'wash', 'place', 'note', 'story', '20240522015947-0-8bac89ed98b428dd30231ce116f72ac7', '[\"20240522015947-0-25ea6c8fa616d9ed6140593e7395e2e1\", \"20240522015947-1-6420b34207a6e90027bd9fcfbb3dc992\", \"20240522015947-2-efdf63df77a64cb6a1bd8189c81792a6\"]', '2024-05-21 18:50:14');
INSERT INTO `product` VALUES(20240522025015, 'women', 'Product-56', 'description-56', '3902.00', 'texture', 'wash', 'place', 'note', 'story', '20240522015947-0-8bac89ed98b428dd30231ce116f72ac7', '[\"20240522015947-0-25ea6c8fa616d9ed6140593e7395e2e1\", \"20240522015947-1-6420b34207a6e90027bd9fcfbb3dc992\", \"20240522015947-2-efdf63df77a64cb6a1bd8189c81792a6\"]', '2024-05-21 18:50:15');
INSERT INTO `product` VALUES(20240522025016, 'women', 'Product-57', 'description-57', '1436.00', 'texture', 'wash', 'place', 'note', 'story', '20240522015947-0-8bac89ed98b428dd30231ce116f72ac7', '[\"20240522015947-0-25ea6c8fa616d9ed6140593e7395e2e1\", \"20240522015947-1-6420b34207a6e90027bd9fcfbb3dc992\", \"20240522015947-2-efdf63df77a64cb6a1bd8189c81792a6\"]', '2024-05-21 18:50:16');
INSERT INTO `product` VALUES(20240522025017, 'women', 'Product-58', 'description-58', '8519.00', 'texture', 'wash', 'place', 'note', 'story', '20240522015947-0-8bac89ed98b428dd30231ce116f72ac7', '[\"20240522015947-0-25ea6c8fa616d9ed6140593e7395e2e1\", \"20240522015947-1-6420b34207a6e90027bd9fcfbb3dc992\", \"20240522015947-2-efdf63df77a64cb6a1bd8189c81792a6\"]', '2024-05-21 18:50:17');
INSERT INTO `product` VALUES(20240522025018, 'women', 'Product-59', 'description-59', '2041.00', 'texture', 'wash', 'place', 'note', 'story', '20240522015947-0-8bac89ed98b428dd30231ce116f72ac7', '[\"20240522015947-0-25ea6c8fa616d9ed6140593e7395e2e1\", \"20240522015947-1-6420b34207a6e90027bd9fcfbb3dc992\", \"20240522015947-2-efdf63df77a64cb6a1bd8189c81792a6\"]', '2024-05-21 18:50:18');
INSERT INTO `product` VALUES(20240522025019, 'women', 'Product-60', 'description-60', '9208.00', 'texture', 'wash', 'place', 'note', 'story', '20240522015947-0-8bac89ed98b428dd30231ce116f72ac7', '[\"20240522015947-0-25ea6c8fa616d9ed6140593e7395e2e1\", \"20240522015947-1-6420b34207a6e90027bd9fcfbb3dc992\", \"20240522015947-2-efdf63df77a64cb6a1bd8189c81792a6\"]', '2024-05-21 18:50:19');
INSERT INTO `product` VALUES(20240522025020, 'women', 'Product-61', 'description-61', '1676.00', 'texture', 'wash', 'place', 'note', 'story', '20240522015947-0-8bac89ed98b428dd30231ce116f72ac7', '[\"20240522015947-0-25ea6c8fa616d9ed6140593e7395e2e1\", \"20240522015947-1-6420b34207a6e90027bd9fcfbb3dc992\", \"20240522015947-2-efdf63df77a64cb6a1bd8189c81792a6\"]', '2024-05-21 18:50:20');
INSERT INTO `product` VALUES(20240522025021, 'women', 'Product-62', 'description-62', '3997.00', 'texture', 'wash', 'place', 'note', 'story', '20240522015947-0-8bac89ed98b428dd30231ce116f72ac7', '[\"20240522015947-0-25ea6c8fa616d9ed6140593e7395e2e1\", \"20240522015947-1-6420b34207a6e90027bd9fcfbb3dc992\", \"20240522015947-2-efdf63df77a64cb6a1bd8189c81792a6\"]', '2024-05-21 18:50:21');
INSERT INTO `product` VALUES(20240522025022, 'women', 'Product-63', 'description-63', '1173.00', 'texture', 'wash', 'place', 'note', 'story', '20240522015947-0-8bac89ed98b428dd30231ce116f72ac7', '[\"20240522015947-0-25ea6c8fa616d9ed6140593e7395e2e1\", \"20240522015947-1-6420b34207a6e90027bd9fcfbb3dc992\", \"20240522015947-2-efdf63df77a64cb6a1bd8189c81792a6\"]', '2024-05-21 18:50:22');
INSERT INTO `product` VALUES(20240522025023, 'women', 'Product-64', 'description-64', '8062.00', 'texture', 'wash', 'place', 'note', 'story', '20240522015947-0-8bac89ed98b428dd30231ce116f72ac7', '[\"20240522015947-0-25ea6c8fa616d9ed6140593e7395e2e1\", \"20240522015947-1-6420b34207a6e90027bd9fcfbb3dc992\", \"20240522015947-2-efdf63df77a64cb6a1bd8189c81792a6\"]', '2024-05-21 18:50:23');
INSERT INTO `product` VALUES(20240522025024, 'women', 'Product-65', 'description-65', '6805.00', 'texture', 'wash', 'place', 'note', 'story', '20240522015947-0-8bac89ed98b428dd30231ce116f72ac7', '[\"20240522015947-0-25ea6c8fa616d9ed6140593e7395e2e1\", \"20240522015947-1-6420b34207a6e90027bd9fcfbb3dc992\", \"20240522015947-2-efdf63df77a64cb6a1bd8189c81792a6\"]', '2024-05-21 18:50:24');
INSERT INTO `product` VALUES(20240522025025, 'women', 'Product-66', 'description-66', '5399.00', 'texture', 'wash', 'place', 'note', 'story', '20240522015947-0-8bac89ed98b428dd30231ce116f72ac7', '[\"20240522015947-0-25ea6c8fa616d9ed6140593e7395e2e1\", \"20240522015947-1-6420b34207a6e90027bd9fcfbb3dc992\", \"20240522015947-2-efdf63df77a64cb6a1bd8189c81792a6\"]', '2024-05-21 18:50:25');
INSERT INTO `product` VALUES(20240522025026, 'women', 'Product-67', 'description-67', '6497.00', 'texture', 'wash', 'place', 'note', 'story', '20240522015947-0-8bac89ed98b428dd30231ce116f72ac7', '[\"20240522015947-0-25ea6c8fa616d9ed6140593e7395e2e1\", \"20240522015947-1-6420b34207a6e90027bd9fcfbb3dc992\", \"20240522015947-2-efdf63df77a64cb6a1bd8189c81792a6\"]', '2024-05-21 18:50:26');
INSERT INTO `product` VALUES(20240522025027, 'women', 'Product-68', 'description-68', '712.00', 'texture', 'wash', 'place', 'note', 'story', '20240522015947-0-8bac89ed98b428dd30231ce116f72ac7', '[\"20240522015947-0-25ea6c8fa616d9ed6140593e7395e2e1\", \"20240522015947-1-6420b34207a6e90027bd9fcfbb3dc992\", \"20240522015947-2-efdf63df77a64cb6a1bd8189c81792a6\"]', '2024-05-21 18:50:27');
INSERT INTO `product` VALUES(20240522025028, 'women', 'Product-69', 'description-69', '8697.00', 'texture', 'wash', 'place', 'note', 'story', '20240522015947-0-8bac89ed98b428dd30231ce116f72ac7', '[\"20240522015947-0-25ea6c8fa616d9ed6140593e7395e2e1\", \"20240522015947-1-6420b34207a6e90027bd9fcfbb3dc992\", \"20240522015947-2-efdf63df77a64cb6a1bd8189c81792a6\"]', '2024-05-21 18:50:28');
INSERT INTO `product` VALUES(20240522025029, 'women', 'Product-70', 'description-70', '5991.00', 'texture', 'wash', 'place', 'note', 'story', '20240522015947-0-8bac89ed98b428dd30231ce116f72ac7', '[\"20240522015947-0-25ea6c8fa616d9ed6140593e7395e2e1\", \"20240522015947-1-6420b34207a6e90027bd9fcfbb3dc992\", \"20240522015947-2-efdf63df77a64cb6a1bd8189c81792a6\"]', '2024-05-21 18:50:29');
INSERT INTO `product` VALUES(20240522025030, 'women', 'Product-71', 'description-71', '929.00', 'texture', 'wash', 'place', 'note', 'story', '20240522015947-0-8bac89ed98b428dd30231ce116f72ac7', '[\"20240522015947-0-25ea6c8fa616d9ed6140593e7395e2e1\", \"20240522015947-1-6420b34207a6e90027bd9fcfbb3dc992\", \"20240522015947-2-efdf63df77a64cb6a1bd8189c81792a6\"]', '2024-05-21 18:50:30');
INSERT INTO `product` VALUES(20240522025031, 'women', 'Product-72', 'description-72', '9233.00', 'texture', 'wash', 'place', 'note', 'story', '20240522015947-0-8bac89ed98b428dd30231ce116f72ac7', '[\"20240522015947-0-25ea6c8fa616d9ed6140593e7395e2e1\", \"20240522015947-1-6420b34207a6e90027bd9fcfbb3dc992\", \"20240522015947-2-efdf63df77a64cb6a1bd8189c81792a6\"]', '2024-05-21 18:50:31');
INSERT INTO `product` VALUES(20240522025032, 'women', 'Product-73', 'description-73', '7197.00', 'texture', 'wash', 'place', 'note', 'story', '20240522015947-0-8bac89ed98b428dd30231ce116f72ac7', '[\"20240522015947-0-25ea6c8fa616d9ed6140593e7395e2e1\", \"20240522015947-1-6420b34207a6e90027bd9fcfbb3dc992\", \"20240522015947-2-efdf63df77a64cb6a1bd8189c81792a6\"]', '2024-05-21 18:50:32');
INSERT INTO `product` VALUES(20240522025033, 'women', 'Product-74', 'description-74', '4211.00', 'texture', 'wash', 'place', 'note', 'story', '20240522015947-0-8bac89ed98b428dd30231ce116f72ac7', '[\"20240522015947-0-25ea6c8fa616d9ed6140593e7395e2e1\", \"20240522015947-1-6420b34207a6e90027bd9fcfbb3dc992\", \"20240522015947-2-efdf63df77a64cb6a1bd8189c81792a6\"]', '2024-05-21 18:50:33');
INSERT INTO `product` VALUES(20240522025034, 'women', 'Product-75', 'description-75', '4178.00', 'texture', 'wash', 'place', 'note', 'story', '20240522015947-0-8bac89ed98b428dd30231ce116f72ac7', '[\"20240522015947-0-25ea6c8fa616d9ed6140593e7395e2e1\", \"20240522015947-1-6420b34207a6e90027bd9fcfbb3dc992\", \"20240522015947-2-efdf63df77a64cb6a1bd8189c81792a6\"]', '2024-05-21 18:50:34');
INSERT INTO `product` VALUES(20240522025035, 'women', 'Product-76', 'description-76', '6983.00', 'texture', 'wash', 'place', 'note', 'story', '20240522015947-0-8bac89ed98b428dd30231ce116f72ac7', '[\"20240522015947-0-25ea6c8fa616d9ed6140593e7395e2e1\", \"20240522015947-1-6420b34207a6e90027bd9fcfbb3dc992\", \"20240522015947-2-efdf63df77a64cb6a1bd8189c81792a6\"]', '2024-05-21 18:50:35');
INSERT INTO `product` VALUES(20240522025036, 'women', 'Product-77', 'description-77', '3199.00', 'texture', 'wash', 'place', 'note', 'story', '20240522015947-0-8bac89ed98b428dd30231ce116f72ac7', '[\"20240522015947-0-25ea6c8fa616d9ed6140593e7395e2e1\", \"20240522015947-1-6420b34207a6e90027bd9fcfbb3dc992\", \"20240522015947-2-efdf63df77a64cb6a1bd8189c81792a6\"]', '2024-05-21 18:50:36');
INSERT INTO `product` VALUES(20240522025037, 'women', 'Product-78', 'description-78', '5174.00', 'texture', 'wash', 'place', 'note', 'story', '20240522015947-0-8bac89ed98b428dd30231ce116f72ac7', '[\"20240522015947-0-25ea6c8fa616d9ed6140593e7395e2e1\", \"20240522015947-1-6420b34207a6e90027bd9fcfbb3dc992\", \"20240522015947-2-efdf63df77a64cb6a1bd8189c81792a6\"]', '2024-05-21 18:50:37');
INSERT INTO `product` VALUES(20240522025038, 'women', 'Product-79', 'description-79', '5595.00', 'texture', 'wash', 'place', 'note', 'story', '20240522015947-0-8bac89ed98b428dd30231ce116f72ac7', '[\"20240522015947-0-25ea6c8fa616d9ed6140593e7395e2e1\", \"20240522015947-1-6420b34207a6e90027bd9fcfbb3dc992\", \"20240522015947-2-efdf63df77a64cb6a1bd8189c81792a6\"]', '2024-05-21 18:50:38');
INSERT INTO `product` VALUES(20240522025039, 'women', 'Product-80', 'description-80', '699.00', 'texture', 'wash', 'place', 'note', 'story', '20240522015947-0-8bac89ed98b428dd30231ce116f72ac7', '[\"20240522015947-0-25ea6c8fa616d9ed6140593e7395e2e1\", \"20240522015947-1-6420b34207a6e90027bd9fcfbb3dc992\", \"20240522015947-2-efdf63df77a64cb6a1bd8189c81792a6\"]', '2024-05-21 18:50:39');
INSERT INTO `product` VALUES(20240522025040, 'women', 'Product-81', 'description-81', '7008.00', 'texture', 'wash', 'place', 'note', 'story', '20240522015947-0-8bac89ed98b428dd30231ce116f72ac7', '[\"20240522015947-0-25ea6c8fa616d9ed6140593e7395e2e1\", \"20240522015947-1-6420b34207a6e90027bd9fcfbb3dc992\", \"20240522015947-2-efdf63df77a64cb6a1bd8189c81792a6\"]', '2024-05-21 18:50:40');
INSERT INTO `product` VALUES(20240522025041, 'women', 'Product-82', 'description-82', '6025.00', 'texture', 'wash', 'place', 'note', 'story', '20240522015947-0-8bac89ed98b428dd30231ce116f72ac7', '[\"20240522015947-0-25ea6c8fa616d9ed6140593e7395e2e1\", \"20240522015947-1-6420b34207a6e90027bd9fcfbb3dc992\", \"20240522015947-2-efdf63df77a64cb6a1bd8189c81792a6\"]', '2024-05-21 18:50:41');
INSERT INTO `product` VALUES(20240522025042, 'women', 'Product-83', 'description-83', '3454.00', 'texture', 'wash', 'place', 'note', 'story', '20240522015947-0-8bac89ed98b428dd30231ce116f72ac7', '[\"20240522015947-0-25ea6c8fa616d9ed6140593e7395e2e1\", \"20240522015947-1-6420b34207a6e90027bd9fcfbb3dc992\", \"20240522015947-2-efdf63df77a64cb6a1bd8189c81792a6\"]', '2024-05-21 18:50:42');
INSERT INTO `product` VALUES(20240522025043, 'women', 'Product-84', 'description-84', '7769.00', 'texture', 'wash', 'place', 'note', 'story', '20240522015947-0-8bac89ed98b428dd30231ce116f72ac7', '[\"20240522015947-0-25ea6c8fa616d9ed6140593e7395e2e1\", \"20240522015947-1-6420b34207a6e90027bd9fcfbb3dc992\", \"20240522015947-2-efdf63df77a64cb6a1bd8189c81792a6\"]', '2024-05-21 18:50:43');
INSERT INTO `product` VALUES(20240522025044, 'women', 'Product-85', 'description-85', '7212.00', 'texture', 'wash', 'place', 'note', 'story', '20240522015947-0-8bac89ed98b428dd30231ce116f72ac7', '[\"20240522015947-0-25ea6c8fa616d9ed6140593e7395e2e1\", \"20240522015947-1-6420b34207a6e90027bd9fcfbb3dc992\", \"20240522015947-2-efdf63df77a64cb6a1bd8189c81792a6\"]', '2024-05-21 18:50:44');
INSERT INTO `product` VALUES(20240522025045, 'women', 'Product-86', 'description-86', '2388.00', 'texture', 'wash', 'place', 'note', 'story', '20240522015947-0-8bac89ed98b428dd30231ce116f72ac7', '[\"20240522015947-0-25ea6c8fa616d9ed6140593e7395e2e1\", \"20240522015947-1-6420b34207a6e90027bd9fcfbb3dc992\", \"20240522015947-2-efdf63df77a64cb6a1bd8189c81792a6\"]', '2024-05-21 18:50:45');
INSERT INTO `product` VALUES(20240522025046, 'women', 'Product-87', 'description-87', '7434.00', 'texture', 'wash', 'place', 'note', 'story', '20240522015947-0-8bac89ed98b428dd30231ce116f72ac7', '[\"20240522015947-0-25ea6c8fa616d9ed6140593e7395e2e1\", \"20240522015947-1-6420b34207a6e90027bd9fcfbb3dc992\", \"20240522015947-2-efdf63df77a64cb6a1bd8189c81792a6\"]', '2024-05-21 18:50:46');
INSERT INTO `product` VALUES(20240522025047, 'women', 'Product-88', 'description-88', '8696.00', 'texture', 'wash', 'place', 'note', 'story', '20240522015947-0-8bac89ed98b428dd30231ce116f72ac7', '[\"20240522015947-0-25ea6c8fa616d9ed6140593e7395e2e1\", \"20240522015947-1-6420b34207a6e90027bd9fcfbb3dc992\", \"20240522015947-2-efdf63df77a64cb6a1bd8189c81792a6\"]', '2024-05-21 18:50:47');
INSERT INTO `product` VALUES(20240522025048, 'women', 'Product-89', 'description-89', '5075.00', 'texture', 'wash', 'place', 'note', 'story', '20240522015947-0-8bac89ed98b428dd30231ce116f72ac7', '[\"20240522015947-0-25ea6c8fa616d9ed6140593e7395e2e1\", \"20240522015947-1-6420b34207a6e90027bd9fcfbb3dc992\", \"20240522015947-2-efdf63df77a64cb6a1bd8189c81792a6\"]', '2024-05-21 18:50:48');
INSERT INTO `product` VALUES(20240522025049, 'women', 'Product-90', 'description-90', '2605.00', 'texture', 'wash', 'place', 'note', 'story', '20240522015947-0-8bac89ed98b428dd30231ce116f72ac7', '[\"20240522015947-0-25ea6c8fa616d9ed6140593e7395e2e1\", \"20240522015947-1-6420b34207a6e90027bd9fcfbb3dc992\", \"20240522015947-2-efdf63df77a64cb6a1bd8189c81792a6\"]', '2024-05-21 18:50:49');
INSERT INTO `product` VALUES(20240522025050, 'accessories', 'Product-91', 'description-91', '4262.00', 'texture', 'wash', 'place', 'note', 'story', '20240522015947-0-8bac89ed98b428dd30231ce116f72ac7', '[\"20240522015947-0-25ea6c8fa616d9ed6140593e7395e2e1\", \"20240522015947-1-6420b34207a6e90027bd9fcfbb3dc992\", \"20240522015947-2-efdf63df77a64cb6a1bd8189c81792a6\"]', '2024-05-21 18:50:50');
INSERT INTO `product` VALUES(20240522025051, 'accessories', 'Product-92', 'description-92', '4916.00', 'texture', 'wash', 'place', 'note', 'story', '20240522015947-0-8bac89ed98b428dd30231ce116f72ac7', '[\"20240522015947-0-25ea6c8fa616d9ed6140593e7395e2e1\", \"20240522015947-1-6420b34207a6e90027bd9fcfbb3dc992\", \"20240522015947-2-efdf63df77a64cb6a1bd8189c81792a6\"]', '2024-05-21 18:50:51');
INSERT INTO `product` VALUES(20240522025052, 'accessories', 'Product-93', 'description-93', '2343.00', 'texture', 'wash', 'place', 'note', 'story', '20240522015947-0-8bac89ed98b428dd30231ce116f72ac7', '[\"20240522015947-0-25ea6c8fa616d9ed6140593e7395e2e1\", \"20240522015947-1-6420b34207a6e90027bd9fcfbb3dc992\", \"20240522015947-2-efdf63df77a64cb6a1bd8189c81792a6\"]', '2024-05-21 18:50:52');
INSERT INTO `product` VALUES(20240522025053, 'accessories', 'Product-94', 'description-94', '5322.00', 'texture', 'wash', 'place', 'note', 'story', '20240522015947-0-8bac89ed98b428dd30231ce116f72ac7', '[\"20240522015947-0-25ea6c8fa616d9ed6140593e7395e2e1\", \"20240522015947-1-6420b34207a6e90027bd9fcfbb3dc992\", \"20240522015947-2-efdf63df77a64cb6a1bd8189c81792a6\"]', '2024-05-21 18:50:53');
INSERT INTO `product` VALUES(20240522025054, 'accessories', 'Product-95', 'description-95', '4871.00', 'texture', 'wash', 'place', 'note', 'story', '20240522015947-0-8bac89ed98b428dd30231ce116f72ac7', '[\"20240522015947-0-25ea6c8fa616d9ed6140593e7395e2e1\", \"20240522015947-1-6420b34207a6e90027bd9fcfbb3dc992\", \"20240522015947-2-efdf63df77a64cb6a1bd8189c81792a6\"]', '2024-05-21 18:50:54');
INSERT INTO `product` VALUES(20240522025055, 'accessories', 'Product-96', 'description-96', '9323.00', 'texture', 'wash', 'place', 'note', 'story', '20240522015947-0-8bac89ed98b428dd30231ce116f72ac7', '[\"20240522015947-0-25ea6c8fa616d9ed6140593e7395e2e1\", \"20240522015947-1-6420b34207a6e90027bd9fcfbb3dc992\", \"20240522015947-2-efdf63df77a64cb6a1bd8189c81792a6\"]', '2024-05-21 18:50:55');
INSERT INTO `product` VALUES(20240522025056, 'accessories', 'Product-97', 'description-97', '8324.00', 'texture', 'wash', 'place', 'note', 'story', '20240522015947-0-8bac89ed98b428dd30231ce116f72ac7', '[\"20240522015947-0-25ea6c8fa616d9ed6140593e7395e2e1\", \"20240522015947-1-6420b34207a6e90027bd9fcfbb3dc992\", \"20240522015947-2-efdf63df77a64cb6a1bd8189c81792a6\"]', '2024-05-21 18:50:56');
INSERT INTO `product` VALUES(20240522025057, 'accessories', 'Product-98', 'description-98', '6725.00', 'texture', 'wash', 'place', 'note', 'story', '20240522015947-0-8bac89ed98b428dd30231ce116f72ac7', '[\"20240522015947-0-25ea6c8fa616d9ed6140593e7395e2e1\", \"20240522015947-1-6420b34207a6e90027bd9fcfbb3dc992\", \"20240522015947-2-efdf63df77a64cb6a1bd8189c81792a6\"]', '2024-05-21 18:50:57');
INSERT INTO `product` VALUES(20240522025058, 'accessories', 'Product-99', 'description-99', '7461.00', 'texture', 'wash', 'place', 'note', 'story', '20240522015947-0-8bac89ed98b428dd30231ce116f72ac7', '[\"20240522015947-0-25ea6c8fa616d9ed6140593e7395e2e1\", \"20240522015947-1-6420b34207a6e90027bd9fcfbb3dc992\", \"20240522015947-2-efdf63df77a64cb6a1bd8189c81792a6\"]', '2024-05-21 18:50:58');
INSERT INTO `product` VALUES(20240522025059, 'accessories', 'Product-100', 'description-100', '5868.00', 'texture', 'wash', 'place', 'note', 'story', '20240522015947-0-8bac89ed98b428dd30231ce116f72ac7', '[\"20240522015947-0-25ea6c8fa616d9ed6140593e7395e2e1\", \"20240522015947-1-6420b34207a6e90027bd9fcfbb3dc992\", \"20240522015947-2-efdf63df77a64cb6a1bd8189c81792a6\"]', '2024-05-21 18:50:59');

-- --------------------------------------------------------

--
-- Table structure for table `recipient`
--

CREATE TABLE `recipient` (
  `user_id` bigint UNSIGNED NOT NULL COMMENT 'User id',
  `name` varchar(255) NOT NULL COMMENT 'Recipient Name',
  `phone` varchar(255) NOT NULL COMMENT 'Recipient Phone',
  `email` varchar(255) NOT NULL COMMENT 'Recipient Email',
  `country` varchar(255) NOT NULL COMMENT 'Recipient Country',
  `address` varchar(255) NOT NULL COMMENT 'Recipient Address',
  `time` varchar(255) NOT NULL COMMENT 'Recipient Time'
) ENGINE=InnoDB DEFAULT CHARSET=utf8mb4 COLLATE=utf8mb4_0900_ai_ci;

-- --------------------------------------------------------

--
-- Table structure for table `shopping_list`
--

CREATE TABLE `shopping_list` (
  `order_id` bigint UNSIGNED DEFAULT NULL COMMENT 'Order id',
  `user_id` bigint UNSIGNED DEFAULT NULL COMMENT 'User id',
  `variant_id` bigint UNSIGNED DEFAULT NULL COMMENT 'Variant id',
  `product_id` bigint UNSIGNED DEFAULT NULL COMMENT 'Product id',
  `product_color` varchar(255) NOT NULL COMMENT 'Product Color',
  `product_size` varchar(255) NOT NULL COMMENT 'Product Size'
) ENGINE=InnoDB DEFAULT CHARSET=utf8mb4 COLLATE=utf8mb4_0900_ai_ci;

-- --------------------------------------------------------

--
-- Table structure for table `user`
--

CREATE TABLE `user` (
  `id` bigint UNSIGNED NOT NULL COMMENT 'User id',
  `provider` varchar(255) NOT NULL COMMENT 'Service Provider',
  `role` varchar(255) NOT NULL DEFAULT 'user' COMMENT 'User Role',
  `name` varchar(255) NOT NULL COMMENT 'User name',
  `email` varchar(255) NOT NULL COMMENT 'User email',
  `password` varchar(255) NOT NULL COMMENT 'User password',
  `picture` varchar(255) NOT NULL COMMENT 'User picture',
  `timestamp` timestamp NOT NULL DEFAULT CURRENT_TIMESTAMP
) ENGINE=InnoDB DEFAULT CHARSET=utf8mb4 COLLATE=utf8mb4_0900_ai_ci;

--
-- Dumping data for table `user`
--

INSERT INTO `user` VALUES(1, 'native', 'admin', 'aaa123456', 'aaa123456@fakemail.com', '$2b$10$tzcVE8bVVv6k151knLPC1.xuA5GbFpuRtDO3ekKhDsiu85td5i6by', '', '2024-05-21 18:49:00');
INSERT INTO `user` VALUES(2, 'native', 'user', 'bbb123456', 'bbb123456@fakemail.com', '$2b$10$Sd3DjzL/atGLfPcdCzq0AOH8uPRdRq8jzxBfXR.mVyQjWme8Jv11u', '', '2024-05-21 18:49:00');
INSERT INTO `user` VALUES(3, 'native', 'user', 'ccc123456', 'ccc123456@fakemail.com', '$2b$10$OFCQ.3eScwr7BFcLpW8Icu5M4c8gtP1Oin6GE/MQBCs4k2SSl47i2', '', '2024-05-21 18:49:00');
INSERT INTO `user` VALUES(4, 'native', 'user', 'ddd123456', 'ddd123456@fakemail.com', '$2b$10$uJgpM3eGeRNYjfI9pTPxouxYrvV5kf8l6x4W8T2qW99bHU0HWnOZO', '', '2024-05-21 18:49:00');
INSERT INTO `user` VALUES(5, 'native', 'user', 'bbbb123456', 'bbbb123456@fakemail.com', '$2b$10$Sd3DjzL/atGLfPcdCzq0AOH8uPRdRq8jzxBfXR.mVyQjWme8Jv11u', '', '2024-05-21 18:49:00');
INSERT INTO `user` VALUES(6, 'native', 'user', 'cccc123456', 'cccc123456@fakemail.com', '$2b$10$OFCQ.3eScwr7BFcLpW8Icu5M4c8gtP1Oin6GE/MQBCs4k2SSl47i2', '', '2024-05-21 18:49:00');

-- --------------------------------------------------------

--
-- Table structure for table `variant`
--

CREATE TABLE `variant` (
  `id` bigint UNSIGNED NOT NULL COMMENT 'Variant id',
  `product_id` bigint NOT NULL COMMENT 'Product Id.',
  `color_code` varchar(7) DEFAULT NULL COMMENT 'Hex Color Code.',
  `color_name` varchar(255) DEFAULT NULL COMMENT 'Color name.',
  `size` varchar(255) DEFAULT NULL COMMENT 'Size.',
  `stock` int NOT NULL COMMENT 'Stock.'
) ;

--
-- Dumping data for table `variant`
--

INSERT INTO `variant` VALUES(1, 20240522024920, 'FA8072', 'Salmon', 'S', 1234);
INSERT INTO `variant` VALUES(2, 20240522024920, 'FA8072', 'Salmon', 'M', 1342);
INSERT INTO `variant` VALUES(3, 20240522024920, 'FA8072', 'Salmon', 'L', 1412);
INSERT INTO `variant` VALUES(4, 20240522024920, '8B0000', 'DarkRed', 'S', 1135);
INSERT INTO `variant` VALUES(5, 20240522024920, '8B0000', 'DarkRed', 'M', 1045);
INSERT INTO `variant` VALUES(6, 20240522024920, '8B0000', 'DarkRed', 'L', 1142);
INSERT INTO `variant` VALUES(7, 20240522024921, 'FFF8DC', 'Cornsilk', 'S', 1195);
INSERT INTO `variant` VALUES(8, 20240522024921, 'FFF8DC', 'Cornsilk', 'M', 1100);
INSERT INTO `variant` VALUES(9, 20240522024921, 'FFF8DC', 'Cornsilk', 'L', 1419);
INSERT INTO `variant` VALUES(10, 20240522024922, '9370DB', 'MediumPurple', 'S', 1225);
INSERT INTO `variant` VALUES(11, 20240522024922, '9370DB', 'MediumPurple', 'M', 1055);
INSERT INTO `variant` VALUES(12, 20240522024922, '9370DB', 'MediumPurple', 'L', 1197);
INSERT INTO `variant` VALUES(13, 20240522024922, '1E90FF', 'DodgerBlue', 'S', 1322);
INSERT INTO `variant` VALUES(14, 20240522024922, '1E90FF', 'DodgerBlue', 'M', 1049);
INSERT INTO `variant` VALUES(15, 20240522024922, '1E90FF', 'DodgerBlue', 'L', 1188);
INSERT INTO `variant` VALUES(16, 20240522024923, '9370DB', 'MediumPurple', 'S', 1337);
INSERT INTO `variant` VALUES(17, 20240522024923, '9370DB', 'MediumPurple', 'M', 1233);
INSERT INTO `variant` VALUES(18, 20240522024923, '9370DB', 'MediumPurple', 'L', 1429);
INSERT INTO `variant` VALUES(19, 20240522024924, '008000', 'Green', 'S', 1280);
INSERT INTO `variant` VALUES(20, 20240522024924, '008000', 'Green', 'M', 1069);
INSERT INTO `variant` VALUES(21, 20240522024924, '008000', 'Green', 'L', 1109);
INSERT INTO `variant` VALUES(22, 20240522024925, 'E6E6FA', 'Lavender', 'S', 1368);
INSERT INTO `variant` VALUES(23, 20240522024925, 'E6E6FA', 'Lavender', 'M', 1408);
INSERT INTO `variant` VALUES(24, 20240522024925, 'E6E6FA', 'Lavender', 'L', 1432);
INSERT INTO `variant` VALUES(25, 20240522024925, 'C0C0C0', 'Silver', 'S', 1316);
INSERT INTO `variant` VALUES(26, 20240522024925, 'C0C0C0', 'Silver', 'M', 1370);
INSERT INTO `variant` VALUES(27, 20240522024925, 'C0C0C0', 'Silver', 'L', 1107);
INSERT INTO `variant` VALUES(28, 20240522024926, 'FA8072', 'Salmon', 'S', 1460);
INSERT INTO `variant` VALUES(29, 20240522024926, 'FA8072', 'Salmon', 'M', 1485);
INSERT INTO `variant` VALUES(30, 20240522024926, 'FA8072', 'Salmon', 'L', 1388);
INSERT INTO `variant` VALUES(31, 20240522024927, '008000', 'Green', 'S', 1302);
INSERT INTO `variant` VALUES(32, 20240522024927, '008000', 'Green', 'M', 1076);
INSERT INTO `variant` VALUES(33, 20240522024927, '008000', 'Green', 'L', 1375);
INSERT INTO `variant` VALUES(34, 20240522024928, 'FFD700', 'Gold', 'S', 1292);
INSERT INTO `variant` VALUES(35, 20240522024928, 'FFD700', 'Gold', 'M', 1417);
INSERT INTO `variant` VALUES(36, 20240522024928, 'FFD700', 'Gold', 'L', 1132);
INSERT INTO `variant` VALUES(37, 20240522024929, '008000', 'Green', 'S', 1318);
INSERT INTO `variant` VALUES(38, 20240522024929, '008000', 'Green', 'M', 1029);
INSERT INTO `variant` VALUES(39, 20240522024929, '008000', 'Green', 'L', 1139);
INSERT INTO `variant` VALUES(40, 20240522024930, '8B0000', 'DarkRed', 'S', 1365);
INSERT INTO `variant` VALUES(41, 20240522024930, '8B0000', 'DarkRed', 'M', 1335);
INSERT INTO `variant` VALUES(42, 20240522024930, '8B0000', 'DarkRed', 'L', 1176);
INSERT INTO `variant` VALUES(43, 20240522024930, 'FFF8DC', 'Cornsilk', 'S', 1068);
INSERT INTO `variant` VALUES(44, 20240522024930, 'FFF8DC', 'Cornsilk', 'M', 1032);
INSERT INTO `variant` VALUES(45, 20240522024930, 'FFF8DC', 'Cornsilk', 'L', 1131);
INSERT INTO `variant` VALUES(46, 20240522024931, 'FFF8DC', 'Cornsilk', 'S', 1405);
INSERT INTO `variant` VALUES(47, 20240522024931, 'FFF8DC', 'Cornsilk', 'M', 1343);
INSERT INTO `variant` VALUES(48, 20240522024931, 'FFF8DC', 'Cornsilk', 'L', 1245);
INSERT INTO `variant` VALUES(49, 20240522024931, '000000', 'Black', 'S', 1099);
INSERT INTO `variant` VALUES(50, 20240522024931, '000000', 'Black', 'M', 1162);
INSERT INTO `variant` VALUES(51, 20240522024931, '000000', 'Black', 'L', 1240);
INSERT INTO `variant` VALUES(52, 20240522024931, 'B22222', 'FireBrick', 'S', 1467);
INSERT INTO `variant` VALUES(53, 20240522024931, 'B22222', 'FireBrick', 'M', 1296);
INSERT INTO `variant` VALUES(54, 20240522024931, 'B22222', 'FireBrick', 'L', 1005);
INSERT INTO `variant` VALUES(55, 20240522024932, '87CEEB', 'SkyBlue', 'S', 1208);
INSERT INTO `variant` VALUES(56, 20240522024932, '87CEEB', 'SkyBlue', 'M', 1016);
INSERT INTO `variant` VALUES(57, 20240522024932, '87CEEB', 'SkyBlue', 'L', 1001);
INSERT INTO `variant` VALUES(58, 20240522024932, '90EE90', 'LightGreen', 'S', 1398);
INSERT INTO `variant` VALUES(59, 20240522024932, '90EE90', 'LightGreen', 'M', 1240);
INSERT INTO `variant` VALUES(60, 20240522024932, '90EE90', 'LightGreen', 'L', 1429);
INSERT INTO `variant` VALUES(61, 20240522024932, 'C0C0C0', 'Silver', 'S', 1139);
INSERT INTO `variant` VALUES(62, 20240522024932, 'C0C0C0', 'Silver', 'M', 1316);
INSERT INTO `variant` VALUES(63, 20240522024932, 'C0C0C0', 'Silver', 'L', 1080);
INSERT INTO `variant` VALUES(64, 20240522024933, 'BC8F8F', 'RosyBrown', 'S', 1202);
INSERT INTO `variant` VALUES(65, 20240522024933, 'BC8F8F', 'RosyBrown', 'M', 1136);
INSERT INTO `variant` VALUES(66, 20240522024933, 'BC8F8F', 'RosyBrown', 'L', 1227);
INSERT INTO `variant` VALUES(67, 20240522024933, '87CEEB', 'SkyBlue', 'S', 1177);
INSERT INTO `variant` VALUES(68, 20240522024933, '87CEEB', 'SkyBlue', 'M', 1257);
INSERT INTO `variant` VALUES(69, 20240522024933, '87CEEB', 'SkyBlue', 'L', 1379);
INSERT INTO `variant` VALUES(70, 20240522024934, '9370DB', 'MediumPurple', 'S', 1313);
INSERT INTO `variant` VALUES(71, 20240522024934, '9370DB', 'MediumPurple', 'M', 1041);
INSERT INTO `variant` VALUES(72, 20240522024934, '9370DB', 'MediumPurple', 'L', 1050);
INSERT INTO `variant` VALUES(73, 20240522024935, 'BC8F8F', 'RosyBrown', 'S', 1451);
INSERT INTO `variant` VALUES(74, 20240522024935, 'BC8F8F', 'RosyBrown', 'M', 1348);
INSERT INTO `variant` VALUES(75, 20240522024935, 'BC8F8F', 'RosyBrown', 'L', 1175);
INSERT INTO `variant` VALUES(76, 20240522024936, '90EE90', 'LightGreen', 'S', 1379);
INSERT INTO `variant` VALUES(77, 20240522024936, '90EE90', 'LightGreen', 'M', 1224);
INSERT INTO `variant` VALUES(78, 20240522024936, '90EE90', 'LightGreen', 'L', 1232);
INSERT INTO `variant` VALUES(79, 20240522024936, '9370DB', 'MediumPurple', 'S', 1129);
INSERT INTO `variant` VALUES(80, 20240522024936, '9370DB', 'MediumPurple', 'M', 1230);
INSERT INTO `variant` VALUES(81, 20240522024936, '9370DB', 'MediumPurple', 'L', 1018);
INSERT INTO `variant` VALUES(82, 20240522024936, 'FFC0CB', 'Pink', 'S', 1410);
INSERT INTO `variant` VALUES(83, 20240522024936, 'FFC0CB', 'Pink', 'M', 1135);
INSERT INTO `variant` VALUES(84, 20240522024936, 'FFC0CB', 'Pink', 'L', 1333);
INSERT INTO `variant` VALUES(85, 20240522024937, '90EE90', 'LightGreen', 'S', 1115);
INSERT INTO `variant` VALUES(86, 20240522024937, '90EE90', 'LightGreen', 'M', 1160);
INSERT INTO `variant` VALUES(87, 20240522024937, '90EE90', 'LightGreen', 'L', 1285);
INSERT INTO `variant` VALUES(88, 20240522024937, 'FFC0CB', 'Pink', 'S', 1469);
INSERT INTO `variant` VALUES(89, 20240522024937, 'FFC0CB', 'Pink', 'M', 1291);
INSERT INTO `variant` VALUES(90, 20240522024937, 'FFC0CB', 'Pink', 'L', 1077);
INSERT INTO `variant` VALUES(91, 20240522024937, 'FFF8DC', 'Cornsilk', 'S', 1134);
INSERT INTO `variant` VALUES(92, 20240522024937, 'FFF8DC', 'Cornsilk', 'M', 1155);
INSERT INTO `variant` VALUES(93, 20240522024937, 'FFF8DC', 'Cornsilk', 'L', 1167);
INSERT INTO `variant` VALUES(94, 20240522024938, 'C0C0C0', 'Silver', 'S', 1330);
INSERT INTO `variant` VALUES(95, 20240522024938, 'C0C0C0', 'Silver', 'M', 1139);
INSERT INTO `variant` VALUES(96, 20240522024938, 'C0C0C0', 'Silver', 'L', 1416);
INSERT INTO `variant` VALUES(97, 20240522024938, '008000', 'Green', 'S', 1272);
INSERT INTO `variant` VALUES(98, 20240522024938, '008000', 'Green', 'M', 1081);
INSERT INTO `variant` VALUES(99, 20240522024938, '008000', 'Green', 'L', 1436);
INSERT INTO `variant` VALUES(100, 20240522024939, 'B22222', 'FireBrick', 'S', 1369);
INSERT INTO `variant` VALUES(101, 20240522024939, 'B22222', 'FireBrick', 'M', 1443);
INSERT INTO `variant` VALUES(102, 20240522024939, 'B22222', 'FireBrick', 'L', 1232);
INSERT INTO `variant` VALUES(103, 20240522024939, 'FF0000', 'Red', 'S', 1117);
INSERT INTO `variant` VALUES(104, 20240522024939, 'FF0000', 'Red', 'M', 1092);
INSERT INTO `variant` VALUES(105, 20240522024939, 'FF0000', 'Red', 'L', 1394);
INSERT INTO `variant` VALUES(106, 20240522024939, '00FFFF', 'Aqua', 'S', 1400);
INSERT INTO `variant` VALUES(107, 20240522024939, '00FFFF', 'Aqua', 'M', 1236);
INSERT INTO `variant` VALUES(108, 20240522024939, '00FFFF', 'Aqua', 'L', 1043);
INSERT INTO `variant` VALUES(109, 20240522024940, 'FA8072', 'Salmon', 'S', 1393);
INSERT INTO `variant` VALUES(110, 20240522024940, 'FA8072', 'Salmon', 'M', 1184);
INSERT INTO `variant` VALUES(111, 20240522024940, 'FA8072', 'Salmon', 'L', 1166);
INSERT INTO `variant` VALUES(112, 20240522024940, 'FFD700', 'Gold', 'S', 1332);
INSERT INTO `variant` VALUES(113, 20240522024940, 'FFD700', 'Gold', 'M', 1432);
INSERT INTO `variant` VALUES(114, 20240522024940, 'FFD700', 'Gold', 'L', 1250);
INSERT INTO `variant` VALUES(115, 20240522024940, 'FF0000', 'Red', 'S', 1256);
INSERT INTO `variant` VALUES(116, 20240522024940, 'FF0000', 'Red', 'M', 1075);
INSERT INTO `variant` VALUES(117, 20240522024940, 'FF0000', 'Red', 'L', 1139);
INSERT INTO `variant` VALUES(118, 20240522024941, 'FFFFFF', 'White', 'S', 1477);
INSERT INTO `variant` VALUES(119, 20240522024941, 'FFFFFF', 'White', 'M', 1308);
INSERT INTO `variant` VALUES(120, 20240522024941, 'FFFFFF', 'White', 'L', 1024);
INSERT INTO `variant` VALUES(121, 20240522024941, '00FFFF', 'Aqua', 'S', 1031);
INSERT INTO `variant` VALUES(122, 20240522024941, '00FFFF', 'Aqua', 'M', 1130);
INSERT INTO `variant` VALUES(123, 20240522024941, '00FFFF', 'Aqua', 'L', 1256);
INSERT INTO `variant` VALUES(124, 20240522024942, 'FFF8DC', 'Cornsilk', 'S', 1470);
INSERT INTO `variant` VALUES(125, 20240522024942, 'FFF8DC', 'Cornsilk', 'M', 1394);
INSERT INTO `variant` VALUES(126, 20240522024942, 'FFF8DC', 'Cornsilk', 'L', 1192);
INSERT INTO `variant` VALUES(127, 20240522024942, '1E90FF', 'DodgerBlue', 'S', 1003);
INSERT INTO `variant` VALUES(128, 20240522024942, '1E90FF', 'DodgerBlue', 'M', 1342);
INSERT INTO `variant` VALUES(129, 20240522024942, '1E90FF', 'DodgerBlue', 'L', 1356);
INSERT INTO `variant` VALUES(130, 20240522024943, '00FFFF', 'Aqua', 'S', 1241);
INSERT INTO `variant` VALUES(131, 20240522024943, '00FFFF', 'Aqua', 'M', 1483);
INSERT INTO `variant` VALUES(132, 20240522024943, '00FFFF', 'Aqua', 'L', 1160);
INSERT INTO `variant` VALUES(133, 20240522024943, 'E6E6FA', 'Lavender', 'S', 1252);
INSERT INTO `variant` VALUES(134, 20240522024943, 'E6E6FA', 'Lavender', 'M', 1094);
INSERT INTO `variant` VALUES(135, 20240522024943, 'E6E6FA', 'Lavender', 'L', 1349);
INSERT INTO `variant` VALUES(136, 20240522024943, 'FA8072', 'Salmon', 'S', 1388);
INSERT INTO `variant` VALUES(137, 20240522024943, 'FA8072', 'Salmon', 'M', 1280);
INSERT INTO `variant` VALUES(138, 20240522024943, 'FA8072', 'Salmon', 'L', 1231);
INSERT INTO `variant` VALUES(139, 20240522024944, '8B0000', 'DarkRed', 'S', 1121);
INSERT INTO `variant` VALUES(140, 20240522024944, '8B0000', 'DarkRed', 'M', 1292);
INSERT INTO `variant` VALUES(141, 20240522024944, '8B0000', 'DarkRed', 'L', 1181);
INSERT INTO `variant` VALUES(142, 20240522024945, '87CEEB', 'SkyBlue', 'S', 1451);
INSERT INTO `variant` VALUES(143, 20240522024945, '87CEEB', 'SkyBlue', 'M', 1249);
INSERT INTO `variant` VALUES(144, 20240522024945, '87CEEB', 'SkyBlue', 'L', 1102);
INSERT INTO `variant` VALUES(145, 20240522024945, '00FFFF', 'Aqua', 'S', 1160);
INSERT INTO `variant` VALUES(146, 20240522024945, '00FFFF', 'Aqua', 'M', 1447);
INSERT INTO `variant` VALUES(147, 20240522024945, '00FFFF', 'Aqua', 'L', 1400);
INSERT INTO `variant` VALUES(148, 20240522024945, 'FFC0CB', 'Pink', 'S', 1042);
INSERT INTO `variant` VALUES(149, 20240522024945, 'FFC0CB', 'Pink', 'M', 1443);
INSERT INTO `variant` VALUES(150, 20240522024945, 'FFC0CB', 'Pink', 'L', 1349);
INSERT INTO `variant` VALUES(151, 20240522024946, '87CEEB', 'SkyBlue', 'S', 1483);
INSERT INTO `variant` VALUES(152, 20240522024946, '87CEEB', 'SkyBlue', 'M', 1391);
INSERT INTO `variant` VALUES(153, 20240522024946, '87CEEB', 'SkyBlue', 'L', 1402);
INSERT INTO `variant` VALUES(154, 20240522024946, 'FF0000', 'Red', 'S', 1040);
INSERT INTO `variant` VALUES(155, 20240522024946, 'FF0000', 'Red', 'M', 1129);
INSERT INTO `variant` VALUES(156, 20240522024946, 'FF0000', 'Red', 'L', 1448);
INSERT INTO `variant` VALUES(157, 20240522024947, 'BC8F8F', 'RosyBrown', 'S', 1187);
INSERT INTO `variant` VALUES(158, 20240522024947, 'BC8F8F', 'RosyBrown', 'M', 1238);
INSERT INTO `variant` VALUES(159, 20240522024947, 'BC8F8F', 'RosyBrown', 'L', 1229);
INSERT INTO `variant` VALUES(160, 20240522024947, 'FFC0CB', 'Pink', 'S', 1223);
INSERT INTO `variant` VALUES(161, 20240522024947, 'FFC0CB', 'Pink', 'M', 1142);
INSERT INTO `variant` VALUES(162, 20240522024947, 'FFC0CB', 'Pink', 'L', 1057);
INSERT INTO `variant` VALUES(163, 20240522024947, '008000', 'Green', 'S', 1489);
INSERT INTO `variant` VALUES(164, 20240522024947, '008000', 'Green', 'M', 1291);
INSERT INTO `variant` VALUES(165, 20240522024947, '008000', 'Green', 'L', 1460);
INSERT INTO `variant` VALUES(166, 20240522024948, '008000', 'Green', 'S', 1466);
INSERT INTO `variant` VALUES(167, 20240522024948, '008000', 'Green', 'M', 1368);
INSERT INTO `variant` VALUES(168, 20240522024948, '008000', 'Green', 'L', 1022);
INSERT INTO `variant` VALUES(169, 20240522024948, 'FFC0CB', 'Pink', 'S', 1304);
INSERT INTO `variant` VALUES(170, 20240522024948, 'FFC0CB', 'Pink', 'M', 1157);
INSERT INTO `variant` VALUES(171, 20240522024948, 'FFC0CB', 'Pink', 'L', 1174);
INSERT INTO `variant` VALUES(172, 20240522024949, '9370DB', 'MediumPurple', 'S', 1136);
INSERT INTO `variant` VALUES(173, 20240522024949, '9370DB', 'MediumPurple', 'M', 1385);
INSERT INTO `variant` VALUES(174, 20240522024949, '9370DB', 'MediumPurple', 'L', 1224);
INSERT INTO `variant` VALUES(175, 20240522024949, 'C0C0C0', 'Silver', 'S', 1132);
INSERT INTO `variant` VALUES(176, 20240522024949, 'C0C0C0', 'Silver', 'M', 1435);
INSERT INTO `variant` VALUES(177, 20240522024949, 'C0C0C0', 'Silver', 'L', 1356);
INSERT INTO `variant` VALUES(178, 20240522024949, 'FFFFFF', 'White', 'S', 1280);
INSERT INTO `variant` VALUES(179, 20240522024949, 'FFFFFF', 'White', 'M', 1457);
INSERT INTO `variant` VALUES(180, 20240522024949, 'FFFFFF', 'White', 'L', 1178);
INSERT INTO `variant` VALUES(181, 20240522024950, 'BC8F8F', 'RosyBrown', 'S', 1144);
INSERT INTO `variant` VALUES(182, 20240522024950, 'BC8F8F', 'RosyBrown', 'M', 1298);
INSERT INTO `variant` VALUES(183, 20240522024950, 'BC8F8F', 'RosyBrown', 'L', 1406);
INSERT INTO `variant` VALUES(184, 20240522024951, '008000', 'Green', 'S', 1376);
INSERT INTO `variant` VALUES(185, 20240522024951, '008000', 'Green', 'M', 1240);
INSERT INTO `variant` VALUES(186, 20240522024951, '008000', 'Green', 'L', 1212);
INSERT INTO `variant` VALUES(187, 20240522024951, 'FFFFFF', 'White', 'S', 1433);
INSERT INTO `variant` VALUES(188, 20240522024951, 'FFFFFF', 'White', 'M', 1312);
INSERT INTO `variant` VALUES(189, 20240522024951, 'FFFFFF', 'White', 'L', 1109);
INSERT INTO `variant` VALUES(190, 20240522024951, '000000', 'Black', 'S', 1371);
INSERT INTO `variant` VALUES(191, 20240522024951, '000000', 'Black', 'M', 1246);
INSERT INTO `variant` VALUES(192, 20240522024951, '000000', 'Black', 'L', 1250);
INSERT INTO `variant` VALUES(193, 20240522024952, 'C0C0C0', 'Silver', 'S', 1406);
INSERT INTO `variant` VALUES(194, 20240522024952, 'C0C0C0', 'Silver', 'M', 1415);
INSERT INTO `variant` VALUES(195, 20240522024952, 'C0C0C0', 'Silver', 'L', 1493);
INSERT INTO `variant` VALUES(196, 20240522024952, '8B4513', 'SaddleBrown', 'S', 1302);
INSERT INTO `variant` VALUES(197, 20240522024952, '8B4513', 'SaddleBrown', 'M', 1001);
INSERT INTO `variant` VALUES(198, 20240522024952, '8B4513', 'SaddleBrown', 'L', 1231);
INSERT INTO `variant` VALUES(199, 20240522024953, 'FFD700', 'Gold', 'S', 1121);
INSERT INTO `variant` VALUES(200, 20240522024953, 'FFD700', 'Gold', 'M', 1048);
INSERT INTO `variant` VALUES(201, 20240522024953, 'FFD700', 'Gold', 'L', 1336);
INSERT INTO `variant` VALUES(202, 20240522024953, 'FFFFFF', 'White', 'S', 1197);
INSERT INTO `variant` VALUES(203, 20240522024953, 'FFFFFF', 'White', 'M', 1301);
INSERT INTO `variant` VALUES(204, 20240522024953, 'FFFFFF', 'White', 'L', 1111);
INSERT INTO `variant` VALUES(205, 20240522024954, 'FFC0CB', 'Pink', 'S', 1217);
INSERT INTO `variant` VALUES(206, 20240522024954, 'FFC0CB', 'Pink', 'M', 1267);
INSERT INTO `variant` VALUES(207, 20240522024954, 'FFC0CB', 'Pink', 'L', 1160);
INSERT INTO `variant` VALUES(208, 20240522024955, 'BC8F8F', 'RosyBrown', 'S', 1054);
INSERT INTO `variant` VALUES(209, 20240522024955, 'BC8F8F', 'RosyBrown', 'M', 1155);
INSERT INTO `variant` VALUES(210, 20240522024955, 'BC8F8F', 'RosyBrown', 'L', 1018);
INSERT INTO `variant` VALUES(211, 20240522024955, 'FFA500', 'Orange', 'S', 1098);
INSERT INTO `variant` VALUES(212, 20240522024955, 'FFA500', 'Orange', 'M', 1490);
INSERT INTO `variant` VALUES(213, 20240522024955, 'FFA500', 'Orange', 'L', 1152);
INSERT INTO `variant` VALUES(214, 20240522024955, '008000', 'Green', 'S', 1249);
INSERT INTO `variant` VALUES(215, 20240522024955, '008000', 'Green', 'M', 1136);
INSERT INTO `variant` VALUES(216, 20240522024955, '008000', 'Green', 'L', 1149);
INSERT INTO `variant` VALUES(217, 20240522024956, 'FFA500', 'Orange', 'S', 1253);
INSERT INTO `variant` VALUES(218, 20240522024956, 'FFA500', 'Orange', 'M', 1403);
INSERT INTO `variant` VALUES(219, 20240522024956, 'FFA500', 'Orange', 'L', 1410);
INSERT INTO `variant` VALUES(220, 20240522024956, 'FFF8DC', 'Cornsilk', 'S', 1248);
INSERT INTO `variant` VALUES(221, 20240522024956, 'FFF8DC', 'Cornsilk', 'M', 1391);
INSERT INTO `variant` VALUES(222, 20240522024956, 'FFF8DC', 'Cornsilk', 'L', 1179);
INSERT INTO `variant` VALUES(223, 20240522024956, 'B22222', 'FireBrick', 'S', 1398);
INSERT INTO `variant` VALUES(224, 20240522024956, 'B22222', 'FireBrick', 'M', 1450);
INSERT INTO `variant` VALUES(225, 20240522024956, 'B22222', 'FireBrick', 'L', 1497);
INSERT INTO `variant` VALUES(226, 20240522024957, '8B0000', 'DarkRed', 'S', 1199);
INSERT INTO `variant` VALUES(227, 20240522024957, '8B0000', 'DarkRed', 'M', 1249);
INSERT INTO `variant` VALUES(228, 20240522024957, '8B0000', 'DarkRed', 'L', 1007);
INSERT INTO `variant` VALUES(229, 20240522024957, 'FFC0CB', 'Pink', 'S', 1047);
INSERT INTO `variant` VALUES(230, 20240522024957, 'FFC0CB', 'Pink', 'M', 1431);
INSERT INTO `variant` VALUES(231, 20240522024957, 'FFC0CB', 'Pink', 'L', 1289);
INSERT INTO `variant` VALUES(232, 20240522024957, 'FFFFFF', 'White', 'S', 1433);
INSERT INTO `variant` VALUES(233, 20240522024957, 'FFFFFF', 'White', 'M', 1101);
INSERT INTO `variant` VALUES(234, 20240522024957, 'FFFFFF', 'White', 'L', 1301);
INSERT INTO `variant` VALUES(235, 20240522024958, 'BC8F8F', 'RosyBrown', 'S', 1498);
INSERT INTO `variant` VALUES(236, 20240522024958, 'BC8F8F', 'RosyBrown', 'M', 1343);
INSERT INTO `variant` VALUES(237, 20240522024958, 'BC8F8F', 'RosyBrown', 'L', 1297);
INSERT INTO `variant` VALUES(238, 20240522024958, '9370DB', 'MediumPurple', 'S', 1199);
INSERT INTO `variant` VALUES(239, 20240522024958, '9370DB', 'MediumPurple', 'M', 1253);
INSERT INTO `variant` VALUES(240, 20240522024958, '9370DB', 'MediumPurple', 'L', 1018);
INSERT INTO `variant` VALUES(241, 20240522024959, 'B22222', 'FireBrick', 'S', 1374);
INSERT INTO `variant` VALUES(242, 20240522024959, 'B22222', 'FireBrick', 'M', 1017);
INSERT INTO `variant` VALUES(243, 20240522024959, 'B22222', 'FireBrick', 'L', 1008);
INSERT INTO `variant` VALUES(244, 20240522024959, '87CEEB', 'SkyBlue', 'S', 1034);
INSERT INTO `variant` VALUES(245, 20240522024959, '87CEEB', 'SkyBlue', 'M', 1185);
INSERT INTO `variant` VALUES(246, 20240522024959, '87CEEB', 'SkyBlue', 'L', 1230);
INSERT INTO `variant` VALUES(247, 20240522025000, '87CEEB', 'SkyBlue', 'S', 1105);
INSERT INTO `variant` VALUES(248, 20240522025000, '87CEEB', 'SkyBlue', 'M', 1223);
INSERT INTO `variant` VALUES(249, 20240522025000, '87CEEB', 'SkyBlue', 'L', 1078);
INSERT INTO `variant` VALUES(250, 20240522025000, '8B4513', 'SaddleBrown', 'S', 1032);
INSERT INTO `variant` VALUES(251, 20240522025000, '8B4513', 'SaddleBrown', 'M', 1141);
INSERT INTO `variant` VALUES(252, 20240522025000, '8B4513', 'SaddleBrown', 'L', 1241);
INSERT INTO `variant` VALUES(253, 20240522025000, 'E6E6FA', 'Lavender', 'S', 1028);
INSERT INTO `variant` VALUES(254, 20240522025000, 'E6E6FA', 'Lavender', 'M', 1485);
INSERT INTO `variant` VALUES(255, 20240522025000, 'E6E6FA', 'Lavender', 'L', 1465);
INSERT INTO `variant` VALUES(256, 20240522025001, 'FA8072', 'Salmon', 'S', 1343);
INSERT INTO `variant` VALUES(257, 20240522025001, 'FA8072', 'Salmon', 'M', 1102);
INSERT INTO `variant` VALUES(258, 20240522025001, 'FA8072', 'Salmon', 'L', 1157);
INSERT INTO `variant` VALUES(259, 20240522025001, 'BC8F8F', 'RosyBrown', 'S', 1057);
INSERT INTO `variant` VALUES(260, 20240522025001, 'BC8F8F', 'RosyBrown', 'M', 1260);
INSERT INTO `variant` VALUES(261, 20240522025001, 'BC8F8F', 'RosyBrown', 'L', 1076);
INSERT INTO `variant` VALUES(262, 20240522025001, 'FFFFFF', 'White', 'S', 1088);
INSERT INTO `variant` VALUES(263, 20240522025001, 'FFFFFF', 'White', 'M', 1346);
INSERT INTO `variant` VALUES(264, 20240522025001, 'FFFFFF', 'White', 'L', 1031);
INSERT INTO `variant` VALUES(265, 20240522025002, '8B0000', 'DarkRed', 'S', 1262);
INSERT INTO `variant` VALUES(266, 20240522025002, '8B0000', 'DarkRed', 'M', 1346);
INSERT INTO `variant` VALUES(267, 20240522025002, '8B0000', 'DarkRed', 'L', 1026);
INSERT INTO `variant` VALUES(268, 20240522025002, 'FFFFFF', 'White', 'S', 1013);
INSERT INTO `variant` VALUES(269, 20240522025002, 'FFFFFF', 'White', 'M', 1193);
INSERT INTO `variant` VALUES(270, 20240522025002, 'FFFFFF', 'White', 'L', 1325);
INSERT INTO `variant` VALUES(271, 20240522025002, '008000', 'Green', 'S', 1165);
INSERT INTO `variant` VALUES(272, 20240522025002, '008000', 'Green', 'M', 1215);
INSERT INTO `variant` VALUES(273, 20240522025002, '008000', 'Green', 'L', 1206);
INSERT INTO `variant` VALUES(274, 20240522025003, 'E6E6FA', 'Lavender', 'S', 1290);
INSERT INTO `variant` VALUES(275, 20240522025003, 'E6E6FA', 'Lavender', 'M', 1199);
INSERT INTO `variant` VALUES(276, 20240522025003, 'E6E6FA', 'Lavender', 'L', 1360);
INSERT INTO `variant` VALUES(277, 20240522025004, 'B22222', 'FireBrick', 'S', 1472);
INSERT INTO `variant` VALUES(278, 20240522025004, 'B22222', 'FireBrick', 'M', 1050);
INSERT INTO `variant` VALUES(279, 20240522025004, 'B22222', 'FireBrick', 'L', 1336);
INSERT INTO `variant` VALUES(280, 20240522025005, '1E90FF', 'DodgerBlue', 'S', 1448);
INSERT INTO `variant` VALUES(281, 20240522025005, '1E90FF', 'DodgerBlue', 'M', 1026);
INSERT INTO `variant` VALUES(282, 20240522025005, '1E90FF', 'DodgerBlue', 'L', 1430);
INSERT INTO `variant` VALUES(283, 20240522025006, 'FFD700', 'Gold', 'S', 1227);
INSERT INTO `variant` VALUES(284, 20240522025006, 'FFD700', 'Gold', 'M', 1133);
INSERT INTO `variant` VALUES(285, 20240522025006, 'FFD700', 'Gold', 'L', 1088);
INSERT INTO `variant` VALUES(286, 20240522025007, '90EE90', 'LightGreen', 'S', 1385);
INSERT INTO `variant` VALUES(287, 20240522025007, '90EE90', 'LightGreen', 'M', 1415);
INSERT INTO `variant` VALUES(288, 20240522025007, '90EE90', 'LightGreen', 'L', 1252);
INSERT INTO `variant` VALUES(289, 20240522025007, '008000', 'Green', 'S', 1321);
INSERT INTO `variant` VALUES(290, 20240522025007, '008000', 'Green', 'M', 1258);
INSERT INTO `variant` VALUES(291, 20240522025007, '008000', 'Green', 'L', 1405);
INSERT INTO `variant` VALUES(292, 20240522025008, 'FFF8DC', 'Cornsilk', 'S', 1307);
INSERT INTO `variant` VALUES(293, 20240522025008, 'FFF8DC', 'Cornsilk', 'M', 1356);
INSERT INTO `variant` VALUES(294, 20240522025008, 'FFF8DC', 'Cornsilk', 'L', 1419);
INSERT INTO `variant` VALUES(295, 20240522025008, '9370DB', 'MediumPurple', 'S', 1198);
INSERT INTO `variant` VALUES(296, 20240522025008, '9370DB', 'MediumPurple', 'M', 1393);
INSERT INTO `variant` VALUES(297, 20240522025008, '9370DB', 'MediumPurple', 'L', 1107);
INSERT INTO `variant` VALUES(298, 20240522025009, 'FFA500', 'Orange', 'S', 1281);
INSERT INTO `variant` VALUES(299, 20240522025009, 'FFA500', 'Orange', 'M', 1065);
INSERT INTO `variant` VALUES(300, 20240522025009, 'FFA500', 'Orange', 'L', 1334);
INSERT INTO `variant` VALUES(301, 20240522025009, 'FFD700', 'Gold', 'S', 1388);
INSERT INTO `variant` VALUES(302, 20240522025009, 'FFD700', 'Gold', 'M', 1029);
INSERT INTO `variant` VALUES(303, 20240522025009, 'FFD700', 'Gold', 'L', 1041);
INSERT INTO `variant` VALUES(304, 20240522025009, '8B4513', 'SaddleBrown', 'S', 1211);
INSERT INTO `variant` VALUES(305, 20240522025009, '8B4513', 'SaddleBrown', 'M', 1119);
INSERT INTO `variant` VALUES(306, 20240522025009, '8B4513', 'SaddleBrown', 'L', 1499);
INSERT INTO `variant` VALUES(307, 20240522025010, 'FFD700', 'Gold', 'S', 1131);
INSERT INTO `variant` VALUES(308, 20240522025010, 'FFD700', 'Gold', 'M', 1435);
INSERT INTO `variant` VALUES(309, 20240522025010, 'FFD700', 'Gold', 'L', 1214);
INSERT INTO `variant` VALUES(310, 20240522025010, 'FFC0CB', 'Pink', 'S', 1069);
INSERT INTO `variant` VALUES(311, 20240522025010, 'FFC0CB', 'Pink', 'M', 1170);
INSERT INTO `variant` VALUES(312, 20240522025010, 'FFC0CB', 'Pink', 'L', 1021);
INSERT INTO `variant` VALUES(313, 20240522025011, 'FA8072', 'Salmon', 'S', 1426);
INSERT INTO `variant` VALUES(314, 20240522025011, 'FA8072', 'Salmon', 'M', 1107);
INSERT INTO `variant` VALUES(315, 20240522025011, 'FA8072', 'Salmon', 'L', 1365);
INSERT INTO `variant` VALUES(316, 20240522025012, 'FFC0CB', 'Pink', 'S', 1351);
INSERT INTO `variant` VALUES(317, 20240522025012, 'FFC0CB', 'Pink', 'M', 1367);
INSERT INTO `variant` VALUES(318, 20240522025012, 'FFC0CB', 'Pink', 'L', 1143);
INSERT INTO `variant` VALUES(319, 20240522025012, '1E90FF', 'DodgerBlue', 'S', 1484);
INSERT INTO `variant` VALUES(320, 20240522025012, '1E90FF', 'DodgerBlue', 'M', 1314);
INSERT INTO `variant` VALUES(321, 20240522025012, '1E90FF', 'DodgerBlue', 'L', 1038);
INSERT INTO `variant` VALUES(322, 20240522025012, '00FFFF', 'Aqua', 'S', 1046);
INSERT INTO `variant` VALUES(323, 20240522025012, '00FFFF', 'Aqua', 'M', 1079);
INSERT INTO `variant` VALUES(324, 20240522025012, '00FFFF', 'Aqua', 'L', 1038);
INSERT INTO `variant` VALUES(325, 20240522025013, '8B0000', 'DarkRed', 'S', 1336);
INSERT INTO `variant` VALUES(326, 20240522025013, '8B0000', 'DarkRed', 'M', 1168);
INSERT INTO `variant` VALUES(327, 20240522025013, '8B0000', 'DarkRed', 'L', 1324);
INSERT INTO `variant` VALUES(328, 20240522025013, 'FF0000', 'Red', 'S', 1022);
INSERT INTO `variant` VALUES(329, 20240522025013, 'FF0000', 'Red', 'M', 1262);
INSERT INTO `variant` VALUES(330, 20240522025013, 'FF0000', 'Red', 'L', 1484);
INSERT INTO `variant` VALUES(331, 20240522025014, 'FFFFFF', 'White', 'S', 1285);
INSERT INTO `variant` VALUES(332, 20240522025014, 'FFFFFF', 'White', 'M', 1175);
INSERT INTO `variant` VALUES(333, 20240522025014, 'FFFFFF', 'White', 'L', 1339);
INSERT INTO `variant` VALUES(334, 20240522025015, '90EE90', 'LightGreen', 'S', 1322);
INSERT INTO `variant` VALUES(335, 20240522025015, '90EE90', 'LightGreen', 'M', 1131);
INSERT INTO `variant` VALUES(336, 20240522025015, '90EE90', 'LightGreen', 'L', 1137);
INSERT INTO `variant` VALUES(337, 20240522025015, 'FFA500', 'Orange', 'S', 1436);
INSERT INTO `variant` VALUES(338, 20240522025015, 'FFA500', 'Orange', 'M', 1283);
INSERT INTO `variant` VALUES(339, 20240522025015, 'FFA500', 'Orange', 'L', 1447);
INSERT INTO `variant` VALUES(340, 20240522025016, '000000', 'Black', 'S', 1469);
INSERT INTO `variant` VALUES(341, 20240522025016, '000000', 'Black', 'M', 1441);
INSERT INTO `variant` VALUES(342, 20240522025016, '000000', 'Black', 'L', 1408);
INSERT INTO `variant` VALUES(343, 20240522025016, 'FA8072', 'Salmon', 'S', 1239);
INSERT INTO `variant` VALUES(344, 20240522025016, 'FA8072', 'Salmon', 'M', 1358);
INSERT INTO `variant` VALUES(345, 20240522025016, 'FA8072', 'Salmon', 'L', 1352);
INSERT INTO `variant` VALUES(346, 20240522025016, '9370DB', 'MediumPurple', 'S', 1146);
INSERT INTO `variant` VALUES(347, 20240522025016, '9370DB', 'MediumPurple', 'M', 1057);
INSERT INTO `variant` VALUES(348, 20240522025016, '9370DB', 'MediumPurple', 'L', 1212);
INSERT INTO `variant` VALUES(349, 20240522025017, 'E6E6FA', 'Lavender', 'S', 1104);
INSERT INTO `variant` VALUES(350, 20240522025017, 'E6E6FA', 'Lavender', 'M', 1005);
INSERT INTO `variant` VALUES(351, 20240522025017, 'E6E6FA', 'Lavender', 'L', 1119);
INSERT INTO `variant` VALUES(352, 20240522025017, '8B4513', 'SaddleBrown', 'S', 1438);
INSERT INTO `variant` VALUES(353, 20240522025017, '8B4513', 'SaddleBrown', 'M', 1016);
INSERT INTO `variant` VALUES(354, 20240522025017, '8B4513', 'SaddleBrown', 'L', 1197);
INSERT INTO `variant` VALUES(355, 20240522025017, '1E90FF', 'DodgerBlue', 'S', 1422);
INSERT INTO `variant` VALUES(356, 20240522025017, '1E90FF', 'DodgerBlue', 'M', 1214);
INSERT INTO `variant` VALUES(357, 20240522025017, '1E90FF', 'DodgerBlue', 'L', 1315);
INSERT INTO `variant` VALUES(358, 20240522025018, '87CEEB', 'SkyBlue', 'S', 1008);
INSERT INTO `variant` VALUES(359, 20240522025018, '87CEEB', 'SkyBlue', 'M', 1234);
INSERT INTO `variant` VALUES(360, 20240522025018, '87CEEB', 'SkyBlue', 'L', 1101);
INSERT INTO `variant` VALUES(361, 20240522025019, 'FFA500', 'Orange', 'S', 1135);
INSERT INTO `variant` VALUES(362, 20240522025019, 'FFA500', 'Orange', 'M', 1231);
INSERT INTO `variant` VALUES(363, 20240522025019, 'FFA500', 'Orange', 'L', 1238);
INSERT INTO `variant` VALUES(364, 20240522025019, '00FFFF', 'Aqua', 'S', 1391);
INSERT INTO `variant` VALUES(365, 20240522025019, '00FFFF', 'Aqua', 'M', 1367);
INSERT INTO `variant` VALUES(366, 20240522025019, '00FFFF', 'Aqua', 'L', 1354);
INSERT INTO `variant` VALUES(367, 20240522025019, '8B0000', 'DarkRed', 'S', 1263);
INSERT INTO `variant` VALUES(368, 20240522025019, '8B0000', 'DarkRed', 'M', 1315);
INSERT INTO `variant` VALUES(369, 20240522025019, '8B0000', 'DarkRed', 'L', 1356);
INSERT INTO `variant` VALUES(370, 20240522025020, '8B4513', 'SaddleBrown', 'S', 1372);
INSERT INTO `variant` VALUES(371, 20240522025020, '8B4513', 'SaddleBrown', 'M', 1212);
INSERT INTO `variant` VALUES(372, 20240522025020, '8B4513', 'SaddleBrown', 'L', 1058);
INSERT INTO `variant` VALUES(373, 20240522025020, 'E6E6FA', 'Lavender', 'S', 1267);
INSERT INTO `variant` VALUES(374, 20240522025020, 'E6E6FA', 'Lavender', 'M', 1464);
INSERT INTO `variant` VALUES(375, 20240522025020, 'E6E6FA', 'Lavender', 'L', 1214);
INSERT INTO `variant` VALUES(376, 20240522025021, 'FF0000', 'Red', 'S', 1292);
INSERT INTO `variant` VALUES(377, 20240522025021, 'FF0000', 'Red', 'M', 1123);
INSERT INTO `variant` VALUES(378, 20240522025021, 'FF0000', 'Red', 'L', 1394);
INSERT INTO `variant` VALUES(379, 20240522025022, 'FFFFFF', 'White', 'S', 1092);
INSERT INTO `variant` VALUES(380, 20240522025022, 'FFFFFF', 'White', 'M', 1381);
INSERT INTO `variant` VALUES(381, 20240522025022, 'FFFFFF', 'White', 'L', 1377);
INSERT INTO `variant` VALUES(382, 20240522025023, '90EE90', 'LightGreen', 'S', 1227);
INSERT INTO `variant` VALUES(383, 20240522025023, '90EE90', 'LightGreen', 'M', 1176);
INSERT INTO `variant` VALUES(384, 20240522025023, '90EE90', 'LightGreen', 'L', 1377);
INSERT INTO `variant` VALUES(385, 20240522025023, '87CEEB', 'SkyBlue', 'S', 1375);
INSERT INTO `variant` VALUES(386, 20240522025023, '87CEEB', 'SkyBlue', 'M', 1113);
INSERT INTO `variant` VALUES(387, 20240522025023, '87CEEB', 'SkyBlue', 'L', 1114);
INSERT INTO `variant` VALUES(388, 20240522025024, '00FFFF', 'Aqua', 'S', 1002);
INSERT INTO `variant` VALUES(389, 20240522025024, '00FFFF', 'Aqua', 'M', 1167);
INSERT INTO `variant` VALUES(390, 20240522025024, '00FFFF', 'Aqua', 'L', 1401);
INSERT INTO `variant` VALUES(391, 20240522025025, 'FFFFFF', 'White', 'S', 1370);
INSERT INTO `variant` VALUES(392, 20240522025025, 'FFFFFF', 'White', 'M', 1174);
INSERT INTO `variant` VALUES(393, 20240522025025, 'FFFFFF', 'White', 'L', 1165);
INSERT INTO `variant` VALUES(394, 20240522025026, 'B22222', 'FireBrick', 'S', 1203);
INSERT INTO `variant` VALUES(395, 20240522025026, 'B22222', 'FireBrick', 'M', 1000);
INSERT INTO `variant` VALUES(396, 20240522025026, 'B22222', 'FireBrick', 'L', 1207);
INSERT INTO `variant` VALUES(397, 20240522025026, '00FFFF', 'Aqua', 'S', 1174);
INSERT INTO `variant` VALUES(398, 20240522025026, '00FFFF', 'Aqua', 'M', 1376);
INSERT INTO `variant` VALUES(399, 20240522025026, '00FFFF', 'Aqua', 'L', 1396);
INSERT INTO `variant` VALUES(400, 20240522025027, '9370DB', 'MediumPurple', 'S', 1278);
INSERT INTO `variant` VALUES(401, 20240522025027, '9370DB', 'MediumPurple', 'M', 1411);
INSERT INTO `variant` VALUES(402, 20240522025027, '9370DB', 'MediumPurple', 'L', 1017);
INSERT INTO `variant` VALUES(403, 20240522025027, 'C0C0C0', 'Silver', 'S', 1087);
INSERT INTO `variant` VALUES(404, 20240522025027, 'C0C0C0', 'Silver', 'M', 1487);
INSERT INTO `variant` VALUES(405, 20240522025027, 'C0C0C0', 'Silver', 'L', 1173);
INSERT INTO `variant` VALUES(406, 20240522025028, 'FF0000', 'Red', 'S', 1486);
INSERT INTO `variant` VALUES(407, 20240522025028, 'FF0000', 'Red', 'M', 1227);
INSERT INTO `variant` VALUES(408, 20240522025028, 'FF0000', 'Red', 'L', 1257);
INSERT INTO `variant` VALUES(409, 20240522025028, '8B0000', 'DarkRed', 'S', 1249);
INSERT INTO `variant` VALUES(410, 20240522025028, '8B0000', 'DarkRed', 'M', 1122);
INSERT INTO `variant` VALUES(411, 20240522025028, '8B0000', 'DarkRed', 'L', 1072);
INSERT INTO `variant` VALUES(412, 20240522025028, '1E90FF', 'DodgerBlue', 'S', 1205);
INSERT INTO `variant` VALUES(413, 20240522025028, '1E90FF', 'DodgerBlue', 'M', 1128);
INSERT INTO `variant` VALUES(414, 20240522025028, '1E90FF', 'DodgerBlue', 'L', 1167);
INSERT INTO `variant` VALUES(415, 20240522025029, 'FFC0CB', 'Pink', 'S', 1115);
INSERT INTO `variant` VALUES(416, 20240522025029, 'FFC0CB', 'Pink', 'M', 1416);
INSERT INTO `variant` VALUES(417, 20240522025029, 'FFC0CB', 'Pink', 'L', 1197);
INSERT INTO `variant` VALUES(418, 20240522025030, 'FFC0CB', 'Pink', 'S', 1028);
INSERT INTO `variant` VALUES(419, 20240522025030, 'FFC0CB', 'Pink', 'M', 1340);
INSERT INTO `variant` VALUES(420, 20240522025030, 'FFC0CB', 'Pink', 'L', 1181);
INSERT INTO `variant` VALUES(421, 20240522025031, 'FF0000', 'Red', 'S', 1493);
INSERT INTO `variant` VALUES(422, 20240522025031, 'FF0000', 'Red', 'M', 1213);
INSERT INTO `variant` VALUES(423, 20240522025031, 'FF0000', 'Red', 'L', 1366);
INSERT INTO `variant` VALUES(424, 20240522025031, 'BC8F8F', 'RosyBrown', 'S', 1344);
INSERT INTO `variant` VALUES(425, 20240522025031, 'BC8F8F', 'RosyBrown', 'M', 1249);
INSERT INTO `variant` VALUES(426, 20240522025031, 'BC8F8F', 'RosyBrown', 'L', 1320);
INSERT INTO `variant` VALUES(427, 20240522025031, '008000', 'Green', 'S', 1007);
INSERT INTO `variant` VALUES(428, 20240522025031, '008000', 'Green', 'M', 1240);
INSERT INTO `variant` VALUES(429, 20240522025031, '008000', 'Green', 'L', 1368);
INSERT INTO `variant` VALUES(430, 20240522025032, 'FFD700', 'Gold', 'S', 1141);
INSERT INTO `variant` VALUES(431, 20240522025032, 'FFD700', 'Gold', 'M', 1480);
INSERT INTO `variant` VALUES(432, 20240522025032, 'FFD700', 'Gold', 'L', 1271);
INSERT INTO `variant` VALUES(433, 20240522025032, '1E90FF', 'DodgerBlue', 'S', 1491);
INSERT INTO `variant` VALUES(434, 20240522025032, '1E90FF', 'DodgerBlue', 'M', 1402);
INSERT INTO `variant` VALUES(435, 20240522025032, '1E90FF', 'DodgerBlue', 'L', 1497);
INSERT INTO `variant` VALUES(436, 20240522025032, '87CEEB', 'SkyBlue', 'S', 1049);
INSERT INTO `variant` VALUES(437, 20240522025032, '87CEEB', 'SkyBlue', 'M', 1024);
INSERT INTO `variant` VALUES(438, 20240522025032, '87CEEB', 'SkyBlue', 'L', 1485);
INSERT INTO `variant` VALUES(439, 20240522025033, 'E6E6FA', 'Lavender', 'S', 1025);
INSERT INTO `variant` VALUES(440, 20240522025033, 'E6E6FA', 'Lavender', 'M', 1245);
INSERT INTO `variant` VALUES(441, 20240522025033, 'E6E6FA', 'Lavender', 'L', 1482);
INSERT INTO `variant` VALUES(442, 20240522025033, 'FF0000', 'Red', 'S', 1369);
INSERT INTO `variant` VALUES(443, 20240522025033, 'FF0000', 'Red', 'M', 1265);
INSERT INTO `variant` VALUES(444, 20240522025033, 'FF0000', 'Red', 'L', 1226);
INSERT INTO `variant` VALUES(445, 20240522025034, '008000', 'Green', 'S', 1489);
INSERT INTO `variant` VALUES(446, 20240522025034, '008000', 'Green', 'M', 1086);
INSERT INTO `variant` VALUES(447, 20240522025034, '008000', 'Green', 'L', 1116);
INSERT INTO `variant` VALUES(448, 20240522025034, '87CEEB', 'SkyBlue', 'S', 1320);
INSERT INTO `variant` VALUES(449, 20240522025034, '87CEEB', 'SkyBlue', 'M', 1018);
INSERT INTO `variant` VALUES(450, 20240522025034, '87CEEB', 'SkyBlue', 'L', 1346);
INSERT INTO `variant` VALUES(451, 20240522025034, '1E90FF', 'DodgerBlue', 'S', 1179);
INSERT INTO `variant` VALUES(452, 20240522025034, '1E90FF', 'DodgerBlue', 'M', 1431);
INSERT INTO `variant` VALUES(453, 20240522025034, '1E90FF', 'DodgerBlue', 'L', 1206);
INSERT INTO `variant` VALUES(454, 20240522025035, '90EE90', 'LightGreen', 'S', 1267);
INSERT INTO `variant` VALUES(455, 20240522025035, '90EE90', 'LightGreen', 'M', 1104);
INSERT INTO `variant` VALUES(456, 20240522025035, '90EE90', 'LightGreen', 'L', 1010);
INSERT INTO `variant` VALUES(457, 20240522025036, '000000', 'Black', 'S', 1182);
INSERT INTO `variant` VALUES(458, 20240522025036, '000000', 'Black', 'M', 1205);
INSERT INTO `variant` VALUES(459, 20240522025036, '000000', 'Black', 'L', 1498);
INSERT INTO `variant` VALUES(460, 20240522025037, 'FFFFFF', 'White', 'S', 1101);
INSERT INTO `variant` VALUES(461, 20240522025037, 'FFFFFF', 'White', 'M', 1441);
INSERT INTO `variant` VALUES(462, 20240522025037, 'FFFFFF', 'White', 'L', 1461);
INSERT INTO `variant` VALUES(463, 20240522025037, 'FF0000', 'Red', 'S', 1129);
INSERT INTO `variant` VALUES(464, 20240522025037, 'FF0000', 'Red', 'M', 1450);
INSERT INTO `variant` VALUES(465, 20240522025037, 'FF0000', 'Red', 'L', 1437);
INSERT INTO `variant` VALUES(466, 20240522025037, 'FFF8DC', 'Cornsilk', 'S', 1407);
INSERT INTO `variant` VALUES(467, 20240522025037, 'FFF8DC', 'Cornsilk', 'M', 1144);
INSERT INTO `variant` VALUES(468, 20240522025037, 'FFF8DC', 'Cornsilk', 'L', 1367);
INSERT INTO `variant` VALUES(469, 20240522025038, '8B4513', 'SaddleBrown', 'S', 1419);
INSERT INTO `variant` VALUES(470, 20240522025038, '8B4513', 'SaddleBrown', 'M', 1491);
INSERT INTO `variant` VALUES(471, 20240522025038, '8B4513', 'SaddleBrown', 'L', 1062);
INSERT INTO `variant` VALUES(472, 20240522025038, 'B22222', 'FireBrick', 'S', 1091);
INSERT INTO `variant` VALUES(473, 20240522025038, 'B22222', 'FireBrick', 'M', 1203);
INSERT INTO `variant` VALUES(474, 20240522025038, 'B22222', 'FireBrick', 'L', 1099);
INSERT INTO `variant` VALUES(475, 20240522025039, '90EE90', 'LightGreen', 'S', 1057);
INSERT INTO `variant` VALUES(476, 20240522025039, '90EE90', 'LightGreen', 'M', 1166);
INSERT INTO `variant` VALUES(477, 20240522025039, '90EE90', 'LightGreen', 'L', 1259);
INSERT INTO `variant` VALUES(478, 20240522025039, 'B22222', 'FireBrick', 'S', 1103);
INSERT INTO `variant` VALUES(479, 20240522025039, 'B22222', 'FireBrick', 'M', 1257);
INSERT INTO `variant` VALUES(480, 20240522025039, 'B22222', 'FireBrick', 'L', 1487);
INSERT INTO `variant` VALUES(481, 20240522025040, 'FA8072', 'Salmon', 'S', 1239);
INSERT INTO `variant` VALUES(482, 20240522025040, 'FA8072', 'Salmon', 'M', 1121);
INSERT INTO `variant` VALUES(483, 20240522025040, 'FA8072', 'Salmon', 'L', 1342);
INSERT INTO `variant` VALUES(484, 20240522025040, '87CEEB', 'SkyBlue', 'S', 1375);
INSERT INTO `variant` VALUES(485, 20240522025040, '87CEEB', 'SkyBlue', 'M', 1201);
INSERT INTO `variant` VALUES(486, 20240522025040, '87CEEB', 'SkyBlue', 'L', 1144);
INSERT INTO `variant` VALUES(487, 20240522025041, 'FFD700', 'Gold', 'S', 1299);
INSERT INTO `variant` VALUES(488, 20240522025041, 'FFD700', 'Gold', 'M', 1175);
INSERT INTO `variant` VALUES(489, 20240522025041, 'FFD700', 'Gold', 'L', 1403);
INSERT INTO `variant` VALUES(490, 20240522025041, '8B4513', 'SaddleBrown', 'S', 1020);
INSERT INTO `variant` VALUES(491, 20240522025041, '8B4513', 'SaddleBrown', 'M', 1471);
INSERT INTO `variant` VALUES(492, 20240522025041, '8B4513', 'SaddleBrown', 'L', 1312);
INSERT INTO `variant` VALUES(493, 20240522025042, '9370DB', 'MediumPurple', 'S', 1461);
INSERT INTO `variant` VALUES(494, 20240522025042, '9370DB', 'MediumPurple', 'M', 1471);
INSERT INTO `variant` VALUES(495, 20240522025042, '9370DB', 'MediumPurple', 'L', 1088);
INSERT INTO `variant` VALUES(496, 20240522025042, '87CEEB', 'SkyBlue', 'S', 1373);
INSERT INTO `variant` VALUES(497, 20240522025042, '87CEEB', 'SkyBlue', 'M', 1049);
INSERT INTO `variant` VALUES(498, 20240522025042, '87CEEB', 'SkyBlue', 'L', 1146);
INSERT INTO `variant` VALUES(499, 20240522025043, 'FFF8DC', 'Cornsilk', 'S', 1135);
INSERT INTO `variant` VALUES(500, 20240522025043, 'FFF8DC', 'Cornsilk', 'M', 1046);
INSERT INTO `variant` VALUES(501, 20240522025043, 'FFF8DC', 'Cornsilk', 'L', 1442);
INSERT INTO `variant` VALUES(502, 20240522025043, '00FFFF', 'Aqua', 'S', 1289);
INSERT INTO `variant` VALUES(503, 20240522025043, '00FFFF', 'Aqua', 'M', 1400);
INSERT INTO `variant` VALUES(504, 20240522025043, '00FFFF', 'Aqua', 'L', 1184);
INSERT INTO `variant` VALUES(505, 20240522025044, 'B22222', 'FireBrick', 'S', 1300);
INSERT INTO `variant` VALUES(506, 20240522025044, 'B22222', 'FireBrick', 'M', 1485);
INSERT INTO `variant` VALUES(507, 20240522025044, 'B22222', 'FireBrick', 'L', 1036);
INSERT INTO `variant` VALUES(508, 20240522025045, 'E6E6FA', 'Lavender', 'S', 1249);
INSERT INTO `variant` VALUES(509, 20240522025045, 'E6E6FA', 'Lavender', 'M', 1038);
INSERT INTO `variant` VALUES(510, 20240522025045, 'E6E6FA', 'Lavender', 'L', 1363);
INSERT INTO `variant` VALUES(511, 20240522025046, '000000', 'Black', 'S', 1273);
INSERT INTO `variant` VALUES(512, 20240522025046, '000000', 'Black', 'M', 1206);
INSERT INTO `variant` VALUES(513, 20240522025046, '000000', 'Black', 'L', 1067);
INSERT INTO `variant` VALUES(514, 20240522025046, 'FFF8DC', 'Cornsilk', 'S', 1390);
INSERT INTO `variant` VALUES(515, 20240522025046, 'FFF8DC', 'Cornsilk', 'M', 1295);
INSERT INTO `variant` VALUES(516, 20240522025046, 'FFF8DC', 'Cornsilk', 'L', 1083);
INSERT INTO `variant` VALUES(517, 20240522025047, '8B0000', 'DarkRed', 'S', 1389);
INSERT INTO `variant` VALUES(518, 20240522025047, '8B0000', 'DarkRed', 'M', 1450);
INSERT INTO `variant` VALUES(519, 20240522025047, '8B0000', 'DarkRed', 'L', 1089);
INSERT INTO `variant` VALUES(520, 20240522025047, 'FFFFFF', 'White', 'S', 1184);
INSERT INTO `variant` VALUES(521, 20240522025047, 'FFFFFF', 'White', 'M', 1088);
INSERT INTO `variant` VALUES(522, 20240522025047, 'FFFFFF', 'White', 'L', 1297);
INSERT INTO `variant` VALUES(523, 20240522025047, 'B22222', 'FireBrick', 'S', 1194);
INSERT INTO `variant` VALUES(524, 20240522025047, 'B22222', 'FireBrick', 'M', 1315);
INSERT INTO `variant` VALUES(525, 20240522025047, 'B22222', 'FireBrick', 'L', 1396);
INSERT INTO `variant` VALUES(526, 20240522025048, 'C0C0C0', 'Silver', 'S', 1120);
INSERT INTO `variant` VALUES(527, 20240522025048, 'C0C0C0', 'Silver', 'M', 1484);
INSERT INTO `variant` VALUES(528, 20240522025048, 'C0C0C0', 'Silver', 'L', 1138);
INSERT INTO `variant` VALUES(529, 20240522025048, '87CEEB', 'SkyBlue', 'S', 1321);
INSERT INTO `variant` VALUES(530, 20240522025048, '87CEEB', 'SkyBlue', 'M', 1365);
INSERT INTO `variant` VALUES(531, 20240522025048, '87CEEB', 'SkyBlue', 'L', 1183);
INSERT INTO `variant` VALUES(532, 20240522025048, 'FFA500', 'Orange', 'S', 1137);
INSERT INTO `variant` VALUES(533, 20240522025048, 'FFA500', 'Orange', 'M', 1283);
INSERT INTO `variant` VALUES(534, 20240522025048, 'FFA500', 'Orange', 'L', 1498);
INSERT INTO `variant` VALUES(535, 20240522025049, '008000', 'Green', 'S', 1438);
INSERT INTO `variant` VALUES(536, 20240522025049, '008000', 'Green', 'M', 1205);
INSERT INTO `variant` VALUES(537, 20240522025049, '008000', 'Green', 'L', 1060);
INSERT INTO `variant` VALUES(538, 20240522025049, '90EE90', 'LightGreen', 'S', 1090);
INSERT INTO `variant` VALUES(539, 20240522025049, '90EE90', 'LightGreen', 'M', 1177);
INSERT INTO `variant` VALUES(540, 20240522025049, '90EE90', 'LightGreen', 'L', 1135);
INSERT INTO `variant` VALUES(541, 20240522025050, 'FF0000', 'Red', 'S', 1361);
INSERT INTO `variant` VALUES(542, 20240522025050, 'FF0000', 'Red', 'M', 1141);
INSERT INTO `variant` VALUES(543, 20240522025050, 'FF0000', 'Red', 'L', 1075);
INSERT INTO `variant` VALUES(544, 20240522025050, '8B4513', 'SaddleBrown', 'S', 1329);
INSERT INTO `variant` VALUES(545, 20240522025050, '8B4513', 'SaddleBrown', 'M', 1428);
INSERT INTO `variant` VALUES(546, 20240522025050, '8B4513', 'SaddleBrown', 'L', 1227);
INSERT INTO `variant` VALUES(547, 20240522025050, 'B22222', 'FireBrick', 'S', 1147);
INSERT INTO `variant` VALUES(548, 20240522025050, 'B22222', 'FireBrick', 'M', 1415);
INSERT INTO `variant` VALUES(549, 20240522025050, 'B22222', 'FireBrick', 'L', 1298);
INSERT INTO `variant` VALUES(550, 20240522025051, '1E90FF', 'DodgerBlue', 'S', 1443);
INSERT INTO `variant` VALUES(551, 20240522025051, '1E90FF', 'DodgerBlue', 'M', 1412);
INSERT INTO `variant` VALUES(552, 20240522025051, '1E90FF', 'DodgerBlue', 'L', 1225);
INSERT INTO `variant` VALUES(553, 20240522025051, 'B22222', 'FireBrick', 'S', 1027);
INSERT INTO `variant` VALUES(554, 20240522025051, 'B22222', 'FireBrick', 'M', 1297);
INSERT INTO `variant` VALUES(555, 20240522025051, 'B22222', 'FireBrick', 'L', 1228);
INSERT INTO `variant` VALUES(556, 20240522025051, 'FFF8DC', 'Cornsilk', 'S', 1311);
INSERT INTO `variant` VALUES(557, 20240522025051, 'FFF8DC', 'Cornsilk', 'M', 1356);
INSERT INTO `variant` VALUES(558, 20240522025051, 'FFF8DC', 'Cornsilk', 'L', 1469);
INSERT INTO `variant` VALUES(559, 20240522025052, '87CEEB', 'SkyBlue', 'S', 1314);
INSERT INTO `variant` VALUES(560, 20240522025052, '87CEEB', 'SkyBlue', 'M', 1300);
INSERT INTO `variant` VALUES(561, 20240522025052, '87CEEB', 'SkyBlue', 'L', 1171);
INSERT INTO `variant` VALUES(562, 20240522025053, 'FA8072', 'Salmon', 'S', 1468);
INSERT INTO `variant` VALUES(563, 20240522025053, 'FA8072', 'Salmon', 'M', 1160);
INSERT INTO `variant` VALUES(564, 20240522025053, 'FA8072', 'Salmon', 'L', 1368);
INSERT INTO `variant` VALUES(565, 20240522025054, 'FFFFFF', 'White', 'S', 1292);
INSERT INTO `variant` VALUES(566, 20240522025054, 'FFFFFF', 'White', 'M', 1395);
INSERT INTO `variant` VALUES(567, 20240522025054, 'FFFFFF', 'White', 'L', 1310);
INSERT INTO `variant` VALUES(568, 20240522025055, '00FFFF', 'Aqua', 'S', 1384);
INSERT INTO `variant` VALUES(569, 20240522025055, '00FFFF', 'Aqua', 'M', 1426);
INSERT INTO `variant` VALUES(570, 20240522025055, '00FFFF', 'Aqua', 'L', 1421);
INSERT INTO `variant` VALUES(571, 20240522025056, '8B0000', 'DarkRed', 'S', 1406);
INSERT INTO `variant` VALUES(572, 20240522025056, '8B0000', 'DarkRed', 'M', 1276);
INSERT INTO `variant` VALUES(573, 20240522025056, '8B0000', 'DarkRed', 'L', 1349);
INSERT INTO `variant` VALUES(574, 20240522025057, 'FFF8DC', 'Cornsilk', 'S', 1084);
INSERT INTO `variant` VALUES(575, 20240522025057, 'FFF8DC', 'Cornsilk', 'M', 1104);
INSERT INTO `variant` VALUES(576, 20240522025057, 'FFF8DC', 'Cornsilk', 'L', 1450);
INSERT INTO `variant` VALUES(577, 20240522025057, 'FFC0CB', 'Pink', 'S', 1293);
INSERT INTO `variant` VALUES(578, 20240522025057, 'FFC0CB', 'Pink', 'M', 1320);
INSERT INTO `variant` VALUES(579, 20240522025057, 'FFC0CB', 'Pink', 'L', 1439);
INSERT INTO `variant` VALUES(580, 20240522025058, '8B4513', 'SaddleBrown', 'S', 1290);
INSERT INTO `variant` VALUES(581, 20240522025058, '8B4513', 'SaddleBrown', 'M', 1139);
INSERT INTO `variant` VALUES(582, 20240522025058, '8B4513', 'SaddleBrown', 'L', 1221);
INSERT INTO `variant` VALUES(583, 20240522025058, '1E90FF', 'DodgerBlue', 'S', 1179);
INSERT INTO `variant` VALUES(584, 20240522025058, '1E90FF', 'DodgerBlue', 'M', 1031);
INSERT INTO `variant` VALUES(585, 20240522025058, '1E90FF', 'DodgerBlue', 'L', 1248);
INSERT INTO `variant` VALUES(586, 20240522025058, 'FFFFFF', 'White', 'S', 1327);
INSERT INTO `variant` VALUES(587, 20240522025058, 'FFFFFF', 'White', 'M', 1443);
INSERT INTO `variant` VALUES(588, 20240522025058, 'FFFFFF', 'White', 'L', 1226);
INSERT INTO `variant` VALUES(589, 20240522025059, '90EE90', 'LightGreen', 'S', 1220);
INSERT INTO `variant` VALUES(590, 20240522025059, '90EE90', 'LightGreen', 'M', 1260);
INSERT INTO `variant` VALUES(591, 20240522025059, '90EE90', 'LightGreen', 'L', 1013);
INSERT INTO `variant` VALUES(592, 20240522025059, '000000', 'Black', 'S', 1402);
INSERT INTO `variant` VALUES(593, 20240522025059, '000000', 'Black', 'M', 1202);
INSERT INTO `variant` VALUES(594, 20240522025059, '000000', 'Black', 'L', 1258);

--
-- Indexes for dumped tables
--

--
-- Indexes for table `campaign`
--
ALTER TABLE `campaign`
  ADD PRIMARY KEY (`id`),
  ADD KEY `product_id` (`product_id`);

--
-- Indexes for table `color`
--
ALTER TABLE `color`
  ADD KEY `product_id` (`product_id`);

--
-- Indexes for table `order`
--
ALTER TABLE `order`
  ADD PRIMARY KEY (`id`),
  ADD KEY `user_id` (`user_id`);

--
-- Indexes for table `pay_info`
--
ALTER TABLE `pay_info`
  ADD PRIMARY KEY (`user_id`);

--
-- Indexes for table `product`
--
ALTER TABLE `product`
  ADD PRIMARY KEY (`id`),
  ADD UNIQUE KEY `product_title` (`title`);

--
-- Indexes for table `recipient`
--
ALTER TABLE `recipient`
  ADD PRIMARY KEY (`user_id`);

--
-- Indexes for table `shopping_list`
--
ALTER TABLE `shopping_list`
  ADD KEY `order_id` (`order_id`),
  ADD KEY `user_id` (`user_id`),
  ADD KEY `variant_id` (`variant_id`);

--
-- Indexes for table `user`
--
ALTER TABLE `user`
  ADD PRIMARY KEY (`id`),
  ADD UNIQUE KEY `email` (`email`);

--
-- Indexes for table `variant`
--
ALTER TABLE `variant`
  ADD PRIMARY KEY (`id`),
  ADD UNIQUE KEY `product_id` (`product_id`,`color_code`,`size`);

--
-- AUTO_INCREMENT for dumped tables
--

--
-- AUTO_INCREMENT for table `campaign`
--
ALTER TABLE `campaign`
  MODIFY `id` bigint NOT NULL AUTO_INCREMENT COMMENT 'Campaign ID.', AUTO_INCREMENT=7;

--
-- AUTO_INCREMENT for table `user`
--
ALTER TABLE `user`
  MODIFY `id` bigint UNSIGNED NOT NULL AUTO_INCREMENT COMMENT 'User id', AUTO_INCREMENT=7;

--
-- AUTO_INCREMENT for table `variant`
--
ALTER TABLE `variant`
  MODIFY `id` bigint UNSIGNED NOT NULL AUTO_INCREMENT COMMENT 'Variant id';

--
-- Constraints for dumped tables
--

--
-- Constraints for table `campaign`
--
ALTER TABLE `campaign`
  ADD CONSTRAINT `campaign_ibfk_1` FOREIGN KEY (`product_id`) REFERENCES `product` (`id`);

--
-- Constraints for table `color`
--
ALTER TABLE `color`
  ADD CONSTRAINT `color_ibfk_1` FOREIGN KEY (`product_id`) REFERENCES `product` (`id`);

--
-- Constraints for table `order`
--
ALTER TABLE `order`
  ADD CONSTRAINT `order_ibfk_1` FOREIGN KEY (`user_id`) REFERENCES `user` (`id`);

--
-- Constraints for table `pay_info`
--
ALTER TABLE `pay_info`
  ADD CONSTRAINT `pay_info_ibfk_1` FOREIGN KEY (`user_id`) REFERENCES `user` (`id`);

--
-- Constraints for table `recipient`
--
ALTER TABLE `recipient`
  ADD CONSTRAINT `recipient_ibfk_1` FOREIGN KEY (`user_id`) REFERENCES `user` (`id`);

--
-- Constraints for table `shopping_list`
--
ALTER TABLE `shopping_list`
  ADD CONSTRAINT `shopping_list_ibfk_1` FOREIGN KEY (`order_id`) REFERENCES `order` (`id`),
  ADD CONSTRAINT `shopping_list_ibfk_2` FOREIGN KEY (`user_id`) REFERENCES `user` (`id`),
  ADD CONSTRAINT `shopping_list_ibfk_3` FOREIGN KEY (`variant_id`) REFERENCES `variant` (`id`);

--
-- Constraints for table `variant`
--
ALTER TABLE `variant`
  ADD CONSTRAINT `variant_ibfk_1` FOREIGN KEY (`product_id`) REFERENCES `product` (`id`);
COMMIT;

/*!40101 SET CHARACTER_SET_CLIENT=@OLD_CHARACTER_SET_CLIENT */;
/*!40101 SET CHARACTER_SET_RESULTS=@OLD_CHARACTER_SET_RESULTS */;
/*!40101 SET COLLATION_CONNECTION=@OLD_COLLATION_CONNECTION */;
